Year,Player_ID,X_loc,Y_loc
1997-98,143,0,0
1997-98,143,-136,96
1997-98,143,-70,231
1997-98,143,134,139
1997-98,143,-171,113
1997-98,143,-53,194
1997-98,143,-197,166
1997-98,143,-61,59
1997-98,143,186,38
1997-98,143,3,154
1997-98,143,-175,63
1997-98,143,27,29
1997-98,143,-201,55
1997-98,143,-158,192
1997-98,143,0,36
1997-98,143,-194,87
1997-98,143,-175,81
1997-98,143,214,132
1997-98,143,-145,201
1997-98,143,-205,1
1997-98,143,0,0
1997-98,143,0,0
1997-98,143,14,201
1997-98,143,0,0
1997-98,143,5,257
1997-98,143,0,0
1997-98,143,-184,23
1997-98,143,0,0
1997-98,143,-164,100
1997-98,143,0,0
1997-98,143,-154,121
1997-98,143,-179,164
1997-98,143,102,113
1997-98,143,149,27
1997-98,143,130,68
1997-98,143,-175,8
1997-98,143,-169,14
1997-98,143,1,181
1997-98,143,-154,81
1997-98,143,123,207
1997-98,143,-205,139
1997-98,143,-216,143
1997-98,143,-169,16
1997-98,143,-212,117
1997-98,143,121,74
1997-98,143,138,104
1997-98,143,-57,134
1997-98,143,-229,-10
1997-98,143,0,0
1997-98,143,154,158
1997-98,143,-55,53
1997-98,143,0,0
1997-98,143,-188,53
1997-98,143,0,0
1997-98,143,151,38
1997-98,143,0,0
1997-98,143,0,0
1997-98,143,-233,100
1997-98,143,-85,171
1997-98,143,199,1
1997-98,143,0,0
1997-98,143,0,0
1997-98,143,222,104
1997-98,143,149,141
1997-98,143,3,214
1997-98,143,70,171
1997-98,143,0,0
1997-98,143,0,0
1997-98,143,-160,-16
1997-98,143,-169,55
1997-98,143,-87,173
1997-98,143,0,0
1997-98,143,138,128
1997-98,143,126,121
1997-98,143,136,113
1997-98,143,-229,53
1997-98,143,-169,89
1997-98,143,0,0
1997-98,143,0,0
1997-98,143,-169,184
1997-98,143,0,0
1997-98,143,-166,100
1997-98,143,-106,171
1997-98,143,117,113
1997-98,143,156,-5
1997-98,143,-242,-3
1997-98,143,117,147
1997-98,143,108,136
1997-98,143,108,194
1997-98,143,138,201
1997-98,143,-104,12
1997-98,143,188,111
1997-98,143,8,51
1997-98,143,-89,201
1997-98,143,0,0
1997-98,143,179,113
1997-98,143,171,126
1997-98,143,10,190
1997-98,143,141,196
1997-98,143,128,40
1997-98,143,0,0
1997-98,143,78,201
1997-98,143,188,169
1997-98,143,177,-5
1997-98,143,201,-12
1997-98,143,61,201
1997-98,143,102,-1
1997-98,143,1,0
1997-98,143,-156,113
1997-98,143,-149,166
1997-98,143,-201,63
1997-98,143,-14,48
1997-98,143,169,104
1997-98,143,-209,-10
1997-98,143,-27,216
1997-98,143,-175,179
1997-98,143,-87,237
1997-98,143,-14,248
1997-98,143,192,74
1997-98,143,-111,149
1997-98,143,0,0
1997-98,143,-46,151
1997-98,143,108,154
1997-98,143,188,177
1997-98,143,0,0
1997-98,143,-231,-5
1997-98,143,141,1
1997-98,143,-100,231
1997-98,143,-173,177
1997-98,143,-216,139
1997-98,143,46,21
1997-98,143,-158,132
1997-98,143,-160,106
1997-98,143,-205,85
1997-98,143,-14,244
1997-98,143,134,160
1997-98,143,-158,93
1997-98,143,-74,233
1997-98,143,147,106
1997-98,143,147,106
1997-98,143,0,36
1997-98,143,-81,233
1997-98,143,-192,87
1997-98,143,-233,57
1997-98,143,-1,250
1997-98,143,-106,31
1997-98,143,211,109
1997-98,143,-55,33
1997-98,143,-162,3
1997-98,143,66,212
1997-98,143,-3,220
1997-98,143,70,16
1997-98,143,0,0
1997-98,143,1,192
1997-98,143,108,220
1997-98,143,0,0
1997-98,143,-233,57
1997-98,143,190,12
1997-98,143,0,0
1997-98,143,81,231
1997-98,143,93,175
1997-98,143,-175,81
1997-98,143,-190,8
1997-98,143,166,126
1997-98,143,-89,222
1997-98,143,138,179
1997-98,143,-38,134
1997-98,143,-214,-14
1997-98,143,-98,218
1997-98,143,-134,147
1997-98,143,-83,-3
1997-98,143,-3,246
1997-98,143,188,154
1997-98,143,-38,212
1997-98,143,0,0
1997-98,143,-44,166
1997-98,143,184,83
1997-98,143,-3,192
1997-98,143,0,0
1997-98,143,177,194
1997-98,143,70,0
1997-98,143,-85,21
1997-98,143,154,147
1997-98,143,-214,143
1997-98,143,188,57
1997-98,143,188,1
1997-98,143,0,0
1997-98,143,-14,212
1997-98,143,0,0
1997-98,143,205,31
1997-98,143,229,36
1997-98,143,184,25
1997-98,143,220,117
1997-98,143,0,0
1997-98,143,0,0
1997-98,143,89,145
1997-98,143,0,0
1997-98,143,231,31
1997-98,143,-91,237
1997-98,143,158,192
1997-98,143,-121,220
1997-98,143,1,239
1997-98,143,14,16
1997-98,143,111,227
1997-98,143,-115,104
1997-98,143,-18,248
1997-98,143,138,203
1997-98,143,-233,53
1997-98,143,0,0
1997-98,143,-207,40
1997-98,143,-1,250
1997-98,143,179,10
1997-98,143,156,-1
1997-98,143,72,-1
1997-98,143,1,0
1997-98,143,100,229
1997-98,143,149,3
1997-98,143,-182,70
1997-98,143,23,1
1997-98,143,141,74
1997-98,143,115,109
1997-98,143,-201,16
1997-98,143,-141,166
1997-98,143,132,207
1997-98,143,229,51
1997-98,143,186,405
1997-98,143,0,0
1997-98,143,-149,203
1997-98,143,-177,173
1997-98,143,25,136
1997-98,143,222,89
1997-98,143,128,102
1997-98,143,134,203
1997-98,143,-179,173
1997-98,143,-194,166
1997-98,143,239,-18
1997-98,143,0,0
1997-98,143,-96,246
1997-98,143,-3,70
1997-98,143,-222,-10
1997-98,143,-143,96
1997-98,143,-113,143
1997-98,143,0,0
1997-98,143,-141,214
1997-98,143,0,0
1997-98,143,0,0
1997-98,143,-106,237
1997-98,143,119,46
1997-98,143,143,66
1997-98,143,16,250
1997-98,143,-149,207
1997-98,143,-199,147
1997-98,143,147,134
1997-98,143,-154,203
1997-98,143,-203,145
1997-98,143,-96,231
1997-98,143,-209,63
1997-98,143,138,207
1997-98,143,-235,8
1997-98,143,-25,184
1997-98,143,-199,158
1997-98,143,164,179
1997-98,143,-130,115
1997-98,143,-194,169
1997-98,143,102,156
1997-98,143,-235,55
1997-98,143,0,0
1997-98,143,226,57
1997-98,143,-44,267
1997-98,143,136,66
1997-98,143,-111,111
1997-98,143,-190,169
1997-98,143,0,0
1997-98,143,0,0
1997-98,143,171,5
1997-98,143,130,1
1997-98,143,160,21
1997-98,143,-192,89
1997-98,143,0,0
1997-98,143,199,147
1997-98,143,117,175
1997-98,143,132,162
1997-98,143,209,-18
1997-98,143,0,0
1997-98,143,119,-5
1997-98,143,0,0
1997-98,143,184,-12
1997-98,143,0,0
1997-98,143,100,156
1997-98,143,33,250
1997-98,143,-66,233
1997-98,143,0,0
1997-98,143,-235,-8
1997-98,143,0,0
1997-98,143,96,196
1997-98,143,156,14
1997-98,143,-130,147
1997-98,143,110,51
1997-98,143,-194,-16
1997-98,143,188,160
1997-98,143,229,-29
1997-98,143,38,14
1997-98,143,214,147
1997-98,143,0,0
1997-98,143,166,14
1997-98,143,0,0
1997-98,143,224,-10
1997-98,143,132,141
1997-98,143,226,14
1997-98,143,128,59
1997-98,143,-14,257
1997-98,143,160,184
1997-98,143,-214,117
1997-98,143,-102,171
1997-98,143,5,0
1997-98,143,59,23
1997-98,143,115,169
1997-98,143,-147,201
1997-98,143,89,143
1997-98,143,-179,130
1997-98,143,134,166
1997-98,143,214,1
1997-98,143,181,44
1997-98,143,-149,134
1997-98,143,68,98
1997-98,143,0,0
1997-98,143,-169,100
1997-98,143,91,188
1997-98,143,192,151
1997-98,143,-156,166
1997-98,143,-190,175
1997-98,143,-145,203
1997-98,143,0,0
1997-98,143,0,0
1997-98,143,-136,134
1997-98,143,0,0
1997-98,143,98,224
1997-98,143,-166,96
1997-98,143,0,0
1997-98,143,136,156
1997-98,143,-6,244
1997-98,143,134,132
1997-98,143,33,239
1997-98,143,190,25
1997-98,143,59,250
1997-98,143,29,23
1997-98,143,237,-5
1997-98,143,0,0
1997-98,143,-188,51
1997-98,143,-237,3
1997-98,143,154,154
1997-98,143,-126,134
1997-98,143,-139,136
1997-98,143,0,0
1997-98,143,-194,-8
1997-98,143,-91,229
1997-98,143,63,231
1997-98,143,113,220
1997-98,143,130,106
1997-98,143,-141,132
1997-98,143,-231,102
1997-98,143,0,0
1997-98,143,0,0
1997-98,143,57,244
1997-98,143,-190,124
1997-98,143,-182,186
1997-98,143,-199,59
1997-98,143,188,76
1997-98,143,-207,3
1997-98,143,-207,0
1997-98,143,-81,188
1997-98,143,-70,18
1997-98,143,-177,188
1997-98,143,5,229
1997-98,143,143,12
1997-98,143,0,0
1997-98,143,-87,119
1997-98,143,175,100
1997-98,143,-102,83
1997-98,143,-141,132
1997-98,143,156,36
1997-98,143,93,5
1997-98,143,207,29
1997-98,143,0,0
1997-98,143,203,40
1997-98,143,0,0
1997-98,143,51,31
1997-98,143,160,149
1997-98,143,106,141
1997-98,143,111,59
1997-98,143,23,220
1997-98,143,128,104
1997-98,143,126,117
1997-98,143,0,0
1997-98,143,-169,106
1997-98,143,160,207
1997-98,143,0,0
1997-98,143,-139,126
1997-98,143,-162,18
1997-98,143,-136,70
1997-98,143,0,0
1997-98,143,-169,78
1997-98,143,188,160
1997-98,143,-184,104
1997-98,143,-192,5
1997-98,143,-190,8
1997-98,143,55,214
1997-98,143,-184,0
1997-98,143,188,164
1997-98,143,154,91
1997-98,143,-175,190
1997-98,143,231,21
1997-98,143,184,59
1997-98,143,-231,61
1997-98,143,-25,257
1997-98,143,-25,209
1997-98,143,0,0
1997-98,143,93,224
1997-98,143,115,160
1997-98,143,0,0
1997-98,143,68,184
1997-98,143,8,254
1997-98,143,0,0
1997-98,143,81,181
1997-98,143,-209,134
1997-98,143,126,106
1997-98,143,-166,74
1997-98,143,-141,23
1997-98,143,74,0
1997-98,143,184,81
1997-98,143,-190,106
1997-98,143,-205,145
1997-98,143,177,149
1997-98,143,207,130
1997-98,143,0,0
1997-98,143,181,55
1997-98,143,-160,117
1997-98,143,199,-1
1997-98,143,209,-1
1997-98,143,-46,196
1997-98,143,-227,3
1997-98,143,177,169
1997-98,143,-209,124
1997-98,143,0,0
1997-98,143,-169,205
1997-98,143,-141,218
1997-98,143,0,0
1997-98,143,143,10
1997-98,143,-29,12
1997-98,143,-38,29
1997-98,143,-237,0
1998-99,143,229,-1
1998-99,143,123,156
1998-99,143,-151,188
1998-99,143,-214,130
1998-99,143,-158,164
1998-99,143,0,0
1998-99,143,192,154
1998-99,143,-205,81
1998-99,143,0,0
1998-99,143,121,119
1998-99,143,222,-23
1998-99,143,-48,216
1998-99,143,-12,3
1998-99,143,201,18
1998-99,143,143,36
1998-99,143,-115,235
1998-99,143,-128,175
1998-99,143,205,27
1998-99,143,154,-5
1998-99,143,-173,119
1998-99,143,5,246
1998-99,143,-173,0
1998-99,143,-100,128
1998-99,143,0,0
1998-99,143,-205,66
1998-99,143,-192,194
1998-99,143,-164,201
1998-99,143,149,145
1998-99,143,-186,-1
1998-99,143,130,216
1998-99,143,237,14
1998-99,143,229,25
1998-99,143,222,119
1998-99,143,-235,10
1998-99,143,162,93
1998-99,143,147,156
1998-99,143,-184,171
1998-99,143,184,27
1998-99,143,-199,38
1998-99,143,226,10
1998-99,143,-169,139
1998-99,143,205,143
1998-99,143,0,0
1998-99,143,0,0
1998-99,143,100,10
1998-99,143,231,-8
1998-99,143,123,212
1998-99,143,226,53
1998-99,143,175,3
1998-99,143,226,-8
1998-99,143,239,42
1998-99,143,132,-1
1998-99,143,-177,134
1998-99,143,-143,134
1998-99,143,237,3
1998-99,143,201,3
1998-99,143,0,0
1998-99,143,91,241
1998-99,143,-143,222
1998-99,143,-21,68
1998-99,143,51,78
1998-99,143,-199,68
1998-99,143,42,254
1998-99,143,222,128
1998-99,143,179,78
1998-99,143,-205,151
1998-99,143,158,53
1998-99,143,115,229
1998-99,143,222,-1
1998-99,143,233,18
1998-99,143,10,109
1998-99,143,-199,115
1998-99,143,171,179
1998-99,143,158,74
1998-99,143,-164,194
1998-99,143,143,201
1998-99,143,237,74
1998-99,143,0,0
1998-99,143,-48,242
1998-99,143,-227,3
1998-99,143,14,48
1998-99,143,222,81
1998-99,143,0,0
1998-99,143,93,10
1998-99,143,192,152
1996-97,143,192,134
1996-97,143,194,-7
1996-97,143,112,110
1996-97,143,-170,47
1996-97,143,8,134
1996-97,143,0,0
1996-97,143,138,179
1996-97,143,-177,186
1996-97,143,0,0
1996-97,143,157,108
1996-97,143,-127,97
1996-97,143,-170,34
1996-97,143,207,147
1996-97,143,149,119
1996-97,143,-177,41
1996-97,143,0,0
1996-97,143,-174,62
1996-97,143,155,-14
1996-97,143,164,171
1996-97,143,-168,164
1996-97,143,203,-7
1996-97,143,-118,26
1996-97,143,-14,49
1996-97,143,183,60
1996-97,143,0,0
1996-97,143,-8,240
1996-97,143,19,255
1996-97,143,-129,95
1996-97,143,151,106
1996-97,143,114,216
1996-97,143,86,207
1996-97,143,0,0
1996-97,143,-142,199
1996-97,143,0,0
1996-97,143,120,205
1996-97,143,-144,140
1996-97,143,-164,164
1996-97,143,-135,192
1996-97,143,-81,164
1996-97,143,-101,225
1996-97,143,-144,188
1996-97,143,-62,173
1996-97,143,-55,188
1996-97,143,157,166
1996-97,143,42,17
1996-97,143,6,246
1996-97,143,116,203
1996-97,143,0,0
1996-97,143,170,103
1996-97,143,-114,4
1996-97,143,170,162
1996-97,143,0,0
1996-97,143,0,275
1996-97,143,34,179
1996-97,143,0,0
1996-97,143,-8,41
1996-97,143,203,-16
1996-97,143,157,181
1996-97,143,-1,45
1996-97,143,-127,134
1996-97,143,0,0
1996-97,143,-144,-7
1996-97,143,0,0
1996-97,143,235,-7
1996-97,143,0,0
1996-97,143,162,175
1996-97,143,0,0
1996-97,143,179,0
1996-97,143,97,205
1996-97,143,-237,60
1996-97,143,0,0
1996-97,143,159,119
1996-97,143,0,0
1996-97,143,-198,-14
1996-97,143,-207,56
1996-97,143,68,155
1996-97,143,155,90
1996-97,143,0,0
1996-97,143,198,123
1996-97,143,-190,30
1996-97,143,-5,49
1996-97,143,0,0
1996-97,143,0,0
1996-97,143,144,116
1996-97,143,155,121
1996-97,143,0,0
1996-97,143,-213,101
1996-97,143,170,166
1996-97,143,201,10
1996-97,143,-209,93
1996-97,143,0,0
1996-97,143,179,149
1996-97,143,-200,56
1996-97,143,-157,171
1996-97,143,0,0
1996-97,143,-122,140
1996-97,143,185,134
1996-97,143,112,125
1996-97,143,162,164
1996-97,143,168,158
1996-97,143,-187,140
1996-97,143,112,210
1996-97,143,216,82
1996-97,143,-161,168
1996-97,143,-90,116
1996-97,143,88,205
1996-97,143,0,0
1996-97,143,0,0
1996-97,143,0,0
1996-97,143,166,47
1996-97,143,0,0
1996-97,143,144,90
1996-97,143,170,164
1996-97,143,-179,162
1996-97,143,14,199
1996-97,143,0,0
1996-97,143,138,121
1996-97,143,175,155
1996-97,143,0,0
1996-97,143,-170,194
1996-97,143,172,210
1996-97,143,0,0
1996-97,143,198,129
1996-97,143,0,0
1996-97,143,42,36
1996-97,143,-207,19
1996-97,143,0,0
1996-97,143,0,0
1996-97,143,55,15
1996-97,143,0,0
1996-97,143,-81,181
1996-97,143,75,60
1996-97,143,-86,140
1996-97,143,0,0
1996-97,143,149,138
1996-97,143,194,134
1996-97,143,183,151
1996-97,143,-120,199
1996-97,143,-16,181
1996-97,143,136,192
1996-97,143,0,0
1996-97,143,159,97
1996-97,143,203,136
1996-97,143,140,138
1996-97,143,-42,62
1996-97,143,-192,132
1996-97,143,0,0
1996-97,143,0,0
1996-97,143,60,214
1996-97,143,0,0
1996-97,143,123,190
1996-97,143,0,0
1996-97,143,0,0
1996-97,143,140,186
1996-97,143,-198,121
1996-97,143,-83,207
1996-97,143,-144,112
1996-97,143,-164,162
1996-97,143,84,184
1996-97,143,153,-16
1996-97,143,81,177
1996-97,143,136,30
1996-97,143,201,138
1996-97,143,0,0
1996-97,143,0,0
1996-97,143,229,-2
1996-97,143,146,197
1996-97,143,0,238
1996-97,143,55,32
1996-97,143,-187,151
1996-97,143,0,0
1996-97,143,112,162
1996-97,143,127,192
1996-97,143,-127,201
1996-97,143,49,47
1996-97,143,1,88
1996-97,143,-209,125
1996-97,143,21,168
1996-97,143,-200,47
1996-97,143,0,0
1996-97,143,-116,145
1996-97,143,164,149
1996-97,143,79,140
1996-97,143,0,0
1996-97,143,-213,138
1996-97,143,116,-14
1996-97,143,105,205
1996-97,143,47,220
1996-97,143,172,168
1996-97,143,118,95
1996-97,143,-99,218
1996-97,143,0,0
1996-97,143,0,0
1996-97,143,0,0
1996-97,143,-190,153
1996-97,143,123,75
1996-97,143,233,10
1996-97,143,-233,26
1996-97,143,0,0
1996-97,143,-131,194
1996-97,143,179,-16
1996-97,143,190,145
1996-97,143,0,0
1996-97,143,-107,166
1996-97,143,-183,162
1996-97,143,75,125
1996-97,143,-233,52
1996-97,143,-122,-9
1996-97,143,162,158
1996-97,143,170,160
1996-97,143,0,0
1996-97,143,0,0
1996-97,143,149,136
1996-97,143,0,0
1996-97,143,194,134
1996-97,143,179,93
1996-97,143,114,13
1996-97,143,-79,216
1996-97,143,222,-3
1996-97,143,0,0
1996-97,143,88,121
1996-97,143,0,0
1996-97,143,129,181
1996-97,143,99,201
1996-97,143,172,173
1996-97,143,0,0
1996-97,143,162,173
1996-97,143,0,0
1996-97,143,-196,65
1996-97,143,-226,54
1996-97,143,153,194
1996-97,143,-192,142
1996-97,143,-135,60
1996-97,143,0,0
1996-97,143,166,155
1996-97,143,118,203
1996-97,143,-166,188
1996-97,143,110,203
1996-97,143,-183,149
1996-97,143,-148,179
1996-97,143,-213,-18
1996-97,143,207,-5
1996-97,143,-159,95
1996-97,143,-161,344
1996-97,143,0,0
1996-97,143,0,0
1996-97,143,201,116
1996-97,143,0,0
1996-97,143,175,162
1996-97,143,0,0
1996-97,143,0,0
1996-97,143,15,129
1996-97,143,-14,127
1996-97,143,-181,171
1996-97,143,-166,164
1996-97,143,144,125
1996-97,143,0,0
1996-97,143,127,203
1996-97,143,92,84
1996-97,143,190,108
1996-97,143,53,288
1996-97,143,-25,249
1996-97,143,0,0
1996-97,143,181,132
1996-97,143,-86,114
1996-97,143,-5,771
1996-97,143,0,0
1996-97,143,45,86
1996-97,143,149,17
1996-97,143,-231,88
1996-97,143,-164,175
1996-97,143,0,0
1996-97,143,0,0
1996-97,143,146,181
1996-97,143,0,0
1996-97,143,0,0
1996-97,143,155,17
1996-97,143,-181,97
1996-97,143,0,0
1996-97,143,0,0
1996-97,143,149,192
1996-97,143,-170,147
1996-97,143,0,0
1996-97,143,129,181
1996-97,143,0,0
1996-97,143,-127,-1
1996-97,143,170,155
1996-97,143,166,8
1996-97,143,-127,199
1996-97,143,112,218
1996-97,143,142,179
1996-97,143,0,0
1996-97,143,162,177
1996-97,143,179,155
1996-97,143,88,19
1996-97,143,123,168
1996-97,143,-68,181
1996-97,143,-21,236
1996-97,143,-109,158
1996-97,143,-185,93
1996-97,143,149,136
1996-97,143,-166,123
1996-97,143,118,192
1996-97,143,0,0
1996-97,143,142,173
1996-97,143,-10,84
1996-97,143,-142,43
1996-97,143,0,0
1996-97,143,127,45
1996-97,143,-157,179
1996-97,143,-129,145
1996-97,143,0,0
1996-97,143,172,168
1996-97,143,151,90
1996-97,143,-131,108
1996-97,143,-127,80
1996-97,143,-138,203
1996-97,143,8,231
1996-97,143,-166,205
1996-97,143,101,129
1996-97,143,-77,136
1996-97,143,0,0
1996-97,143,64,123
1996-97,143,6,298
1996-97,143,84,62
1996-97,143,0,0
1996-97,143,118,2
1996-97,143,-148,123
1996-97,143,-159,162
1996-97,143,211,97
1996-97,143,-83,218
1996-97,143,-200,147
1996-97,143,201,112
1996-97,143,0,0
1996-97,143,0,0
1996-97,143,196,140
1996-97,143,0,0
1996-97,143,0,0
1996-97,143,0,0
1996-97,143,179,153
1996-97,143,68,246
1996-97,143,62,175
1996-97,143,-194,145
1996-97,143,194,116
1996-97,143,-164,160
1996-97,143,68,251
1996-97,143,0,0
1996-97,143,211,103
1996-97,143,-133,201
1996-97,143,0,0
1996-97,143,192,142
1996-97,143,194,145
1996-97,143,146,175
1996-97,143,188,21
1996-97,143,168,155
1996-97,143,207,103
1996-97,143,-172,162
1996-97,143,0,0
1996-97,143,168,127
1996-97,143,0,0
1996-97,143,-198,34
1996-97,143,168,158
1996-97,143,-129,197
1996-97,143,0,0
1996-97,143,120,203
1996-97,143,-174,145
1996-97,143,185,145
1996-97,143,159,190
1996-97,143,12,186
1996-97,143,194,123
1996-97,143,-99,207
1996-97,143,0,0
1996-97,143,0,0
1996-97,143,-179,158
1996-97,143,136,192
1996-97,143,0,0
1996-97,143,157,171
1996-97,143,127,140
1996-97,143,168,149
1996-97,143,0,0
1996-97,143,0,56
1996-97,143,36,13
1996-97,143,84,101
1996-97,689,-94,32
1996-97,689,0,0
1996-97,689,-168,0
1996-97,689,-129,21
1996-97,689,-144,106
1996-97,689,127,56
1996-97,689,0,0
1996-97,689,-164,13
1996-97,689,0,0
1996-97,689,0,0
1996-97,689,0,0
1996-97,689,170,8
1996-97,689,0,0
1996-97,689,0,0
1996-97,689,116,-7
1996-97,689,0,0
1996-97,689,-131,26
1996-97,689,0,0
1996-97,689,0,0
1996-97,689,0,0
1996-97,689,0,0
1996-97,689,0,0
1996-97,689,153,0
1996-97,689,0,0
1996-97,689,-144,15
1996-97,689,153,8
1996-97,689,105,23
1996-97,689,0,0
1996-97,689,0,0
1996-97,689,92,8
1996-97,689,0,0
1996-97,689,0,0
1996-97,689,125,32
1996-97,689,101,30
1996-97,689,55,49
1996-97,689,0,0
1996-97,689,0,0
1996-97,689,-10,54
1996-97,689,0,0
1996-97,689,0,0
1996-97,689,0,0
1996-97,689,-96,73
1996-97,689,0,0
1996-97,689,136,0
1996-97,689,0,0
1996-97,689,-174,-9
1996-97,689,153,4
1996-97,689,149,0
1996-97,689,0,0
1996-97,689,32,34
1996-97,689,149,4
1996-97,689,90,32
1996-97,689,0,0
1996-97,689,0,0
1996-97,689,0,0
1996-97,689,0,0
1996-97,689,0,0
1996-97,689,68,84
1996-97,689,0,0
1996-97,689,0,0
1996-97,689,0,0
1996-97,689,0,0
1996-97,689,0,0
1996-97,689,0,0
1996-97,689,155,2
1996-97,689,140,-1
1996-97,689,0,0
1996-97,689,-105,34
1996-97,689,88,52
1996-97,689,0,0
1996-97,689,-146,10
1996-97,689,-140,4
1996-97,689,0,0
1996-97,689,146,15
1996-97,689,0,0
1996-97,689,62,2
1996-97,689,-27,6
1996-97,689,0,0
1996-97,689,-49,32
1996-97,689,-64,36
1996-97,689,0,0
1996-97,689,146,2
1996-97,689,107,52
1996-97,689,68,10
1996-97,689,-125,6
1996-97,689,166,21
1996-97,689,-107,2
1996-97,689,0,0
1996-97,689,-23,30
1996-97,689,0,0
1996-97,689,0,0
1996-97,689,-1,62
1996-97,689,0,0
1996-97,689,6,32
1996-97,689,16,106
1996-97,689,0,0
1996-97,689,136,8
1996-97,689,-92,58
1996-97,689,151,8
1996-97,689,-96,54
1996-97,689,0,0
1996-97,689,-122,34
1996-97,689,0,0
1996-97,689,0,0
1996-97,689,0,0
1996-97,689,0,0
1996-97,689,0,0
1996-97,689,168,0
1996-97,689,-60,78
1996-97,689,-18,32
1996-97,689,53,129
1996-97,689,99,129
1996-97,689,0,0
1996-97,689,0,0
1996-97,689,-20,7
1996-97,689,0,0
1996-97,689,131,10
1996-97,689,136,8
1996-97,689,0,0
1996-97,689,0,0
1996-97,689,0,0
1996-97,689,0,0
1996-97,689,-135,108
1996-97,689,-161,97
1996-97,689,-77,17
1996-97,689,55,67
1996-97,689,-10,45
1996-97,689,0,0
1996-97,689,0,0
1996-97,689,0,0
1996-97,689,118,10
1996-97,689,-135,8
1996-97,689,-114,58
1996-97,689,149,4
1996-97,689,105,2
1996-97,689,90,4
1996-97,689,0,0
1996-97,689,0,0
1996-97,689,151,2
1996-97,689,-129,19
1996-97,689,0,0
1996-97,689,-157,13
1996-97,689,0,0
1996-97,689,0,0
1996-97,689,131,15
1996-97,689,157,2
1996-97,689,-94,110
1996-97,689,-51,17
1996-97,689,1,71
1996-97,689,-68,10
1996-97,689,101,54
1996-97,689,79,26
1996-97,689,0,0
1996-97,689,-51,160
1996-97,689,0,0
1996-97,689,0,0
1996-97,689,0,0
1996-97,689,99,71
1996-97,689,90,60
1996-97,689,-105,10
1996-97,689,-99,34
1996-97,689,168,108
1996-97,689,0,0
1996-97,689,0,0
1996-97,689,0,0
1996-97,689,-105,13
1996-97,689,73,60
1996-97,689,0,0
1996-97,689,-107,19
1996-97,689,0,0
1996-97,689,-10,47
1996-97,689,159,8
1996-97,689,0,0
1996-97,689,0,0
1996-97,689,0,0
1996-97,689,-83,90
1996-97,689,0,0
1996-97,689,60,132
1996-97,689,0,0
1996-97,689,0,0
1996-97,689,0,0
1996-97,689,0,0
1996-97,689,120,67
1996-97,689,162,-25
1996-97,689,-142,-20
1996-97,689,-146,-25
1996-97,689,0,0
1996-97,689,0,0
1996-97,689,3,39
1996-97,689,0,0
1996-97,689,0,0
1996-97,689,0,0
1996-97,689,0,0
1996-97,689,-25,56
1996-97,689,0,0
1996-97,689,-138,-1
1996-97,689,120,82
1996-97,689,0,0
1996-97,689,101,99
1996-97,689,-94,23
1996-97,689,0,0
1996-97,689,-101,39
1996-97,689,0,0
1996-97,689,0,0
1996-97,689,0,0
1996-97,689,0,0
1996-97,689,0,0
1996-97,689,0,0
1996-97,689,0,0
1996-97,689,-148,6
1996-97,689,-161,0
1996-97,689,159,21
1996-97,689,0,0
1996-97,689,129,84
1996-97,689,166,-3
1996-97,689,0,0
1996-97,689,0,0
1996-97,689,110,2
1996-97,689,36,78
1996-97,689,-151,75
1996-97,689,86,95
1996-97,689,-153,4
1996-97,689,0,0
1996-97,689,0,0
1996-97,689,103,49
1996-97,689,53,58
1996-97,689,-55,30
1996-97,689,101,43
1996-97,689,0,0
1996-97,689,64,49
1996-97,689,-53,106
1996-97,689,-164,8
1996-97,689,0,0
1996-97,689,181,-3
1996-97,689,0,0
1996-97,689,-3,49
1996-97,689,58,-3
1996-97,689,-3,23
1996-97,689,0,0
1996-97,689,16,15
1996-97,689,68,136
1996-97,689,79,15
1996-97,689,0,0
1996-97,689,-75,45
1996-97,689,-88,17
1996-97,689,0,0
1996-97,689,0,0
1996-97,689,112,4
1996-97,689,0,0
1996-97,689,19,36
1996-97,689,-20,63
1996-97,689,-112,-12
1996-97,689,0,0
1996-97,689,0,0
1996-97,689,159,39
1996-97,689,-170,39
1996-97,689,0,0
1996-97,689,8,49
1996-97,689,-107,-20
1996-97,689,151,52
1996-97,689,-3,56
1996-97,689,0,0
1996-97,689,0,0
1996-97,689,0,0
1996-97,689,34,86
1996-97,689,0,0
1996-97,689,-49,71
1996-97,689,-142,26
1996-97,689,-127,17
1996-97,689,0,0
1996-97,689,0,0
1996-97,689,12,95
1996-97,689,8,60
1996-97,689,0,0
1996-97,689,-103,71
1996-97,689,21,73
1996-97,689,0,0
1996-97,689,0,0
1996-97,689,88,-12
1996-97,689,0,0
1996-97,689,14,108
1996-97,689,0,0
1996-97,689,0,0
1996-97,689,0,0
1996-97,689,0,0
1996-97,689,0,0
1996-97,689,-62,123
1996-97,689,0,0
1996-97,689,0,0
1996-97,689,0,0
1996-97,689,-8,45
1996-97,689,0,0
1996-97,689,0,0
1996-97,689,0,0
1996-97,689,79,6
1996-97,689,-183,26
1996-97,689,0,0
1996-97,689,27,90
1996-97,689,12,142
1996-97,689,0,0
1996-97,689,-90,136
1996-97,689,0,0
1996-97,689,0,0
1996-97,689,0,0
1996-97,689,136,17
1996-97,689,0,0
1996-97,689,0,0
1996-97,689,73,-7
1996-97,689,-64,0
1996-97,689,-153,49
1996-97,689,0,34
1996-97,689,-38,65
1996-97,689,0,0
1996-97,689,0,0
1996-97,689,-109,93
1996-97,689,-125,-12
1996-97,689,0,0
1996-97,689,0,0
1996-97,689,75,-1
1996-97,689,112,10
1996-97,689,0,0
1996-97,689,120,-1
1996-97,689,0,0
1996-97,689,0,0
1996-97,689,120,32
1996-97,689,-68,60
1996-97,689,-140,73
1996-97,689,0,0
1996-97,689,-161,-1
1996-97,689,107,0
1996-97,689,0,0
1996-97,689,0,0
1996-97,689,49,49
1996-97,689,55,86
1996-97,689,0,0
1996-97,689,-159,-3
1996-97,689,0,0
1996-97,345,142,78
1996-97,345,0,0
1996-97,345,0,0
1996-97,345,-181,160
1996-97,345,0,0
1996-97,345,0,0
1996-97,345,0,0
1996-97,345,157,164
1996-97,345,49,171
1996-97,345,-157,184
1996-97,345,0,0
1996-97,345,79,160
1996-97,345,235,-3
1996-97,345,229,47
1996-97,345,45,212
1996-97,345,-99,205
1996-97,345,-86,223
1996-97,345,0,0
1996-97,345,-129,194
1996-97,345,-229,-25
1996-97,345,0,0
1996-97,345,0,0
1996-97,345,0,0
1996-97,345,0,0
1996-97,345,-122,142
1996-97,345,-77,136
1996-97,345,0,0
1996-97,345,140,121
1996-97,345,-185,145
1996-97,345,203,101
1996-97,345,0,0
1996-97,345,0,0
1996-97,345,0,0
1996-97,345,-233,-1
1996-97,345,227,0
1996-97,345,-159,43
1996-97,345,0,0
1996-97,345,0,0
1996-97,345,-73,216
1996-97,345,0,0
1996-97,345,101,207
1996-97,345,-99,129
1996-97,345,-105,134
1996-97,345,0,0
1996-97,345,58,140
1996-97,345,0,0
1996-97,345,0,0
1996-97,345,179,153
1996-97,345,127,8
1996-97,345,0,0
1996-97,345,-103,78
1996-97,345,79,190
1996-97,345,0,0
1996-97,345,201,108
1996-97,345,0,0
1996-97,345,0,0
1996-97,345,19,227
1996-97,345,112,140
1996-97,345,168,160
1996-97,345,185,129
1996-97,345,229,0
1996-97,345,216,69
1996-97,345,-138,155
1996-97,345,216,-3
1996-97,345,-122,140
1996-97,345,-129,125
1996-97,345,0,0
1996-97,345,-105,21
1996-97,345,155,103
1996-97,345,-183,166
1996-97,345,0,0
1996-97,345,-31,184
1996-97,345,140,108
1996-97,345,-8,192
1996-97,345,-5,205
1996-97,345,-131,192
1996-97,345,0,0
1996-97,345,0,0
1996-97,345,0,0
1996-97,345,0,0
1996-97,345,218,75
1996-97,345,-148,188
1996-97,345,177,149
1996-97,345,77,246
1996-97,345,136,181
1996-97,345,222,45
1996-97,345,120,246
1996-97,345,0,0
1996-97,345,0,0
1996-97,345,205,110
1996-97,345,129,194
1996-97,345,0,0
1996-97,345,0,0
1996-97,345,0,0
1996-97,345,-200,110
1996-97,345,-10,231
1996-97,345,192,153
1996-97,345,177,69
1996-97,345,10,203
1996-97,345,0,0
1996-97,345,164,164
1996-97,345,34,56
1996-97,345,-181,160
1996-97,345,-155,99
1996-97,345,0,0
1996-97,345,-1,80
1996-97,345,-44,236
1996-97,345,36,69
1996-97,345,0,0
1996-97,345,77,108
1996-97,345,0,0
1996-97,345,-192,134
1996-97,345,0,0
1996-97,345,0,0
1996-97,345,-94,214
1996-97,345,-23,168
1996-97,345,-235,52
1996-97,345,-96,30
1996-97,345,0,0
1996-97,345,125,114
1996-97,345,-68,184
1996-97,345,-198,129
1996-97,345,-73,225
1996-97,345,116,201
1996-97,345,-224,86
1996-97,345,-233,2
1996-97,345,-216,82
1996-97,345,34,197
1996-97,345,-77,569
1996-97,345,-170,0
1996-97,345,0,0
1996-97,345,-207,110
1996-97,345,-144,114
1996-97,345,-155,181
1996-97,345,19,236
1996-97,345,155,17
1996-97,345,114,121
1996-97,345,1,231
1996-97,345,127,6
1996-97,345,0,0
1996-97,345,127,2
1996-97,345,-75,65
1996-97,345,71,162
1996-97,345,103,210
1996-97,345,92,26
1996-97,345,114,4
1996-97,345,196,108
1996-97,345,-196,140
1996-97,345,-207,99
1996-97,345,0,0
1996-97,345,25,147
1996-97,345,192,136
1996-97,345,146,145
1996-97,345,-192,138
1996-97,345,0,0
1996-97,345,133,155
1996-97,345,227,6
1996-97,345,-101,62
1996-97,345,159,95
1996-97,345,224,21
1996-97,345,153,175
1996-97,345,-103,149
1996-97,345,-170,155
1996-97,345,0,0
1996-97,345,0,0
1996-97,345,227,10
1996-97,345,155,73
1996-97,345,222,58
1996-97,345,8,62
1996-97,345,-83,32
1996-97,345,0,0
1996-97,345,0,0
1996-97,345,0,0
1996-97,345,0,0
1996-97,345,-174,153
1996-97,345,0,0
1996-97,345,0,0
1996-97,345,0,0
1996-97,345,-237,69
1996-97,345,-144,4
1996-97,345,-107,145
1996-97,345,6,158
1996-97,345,170,19
1996-97,345,155,21
1996-97,345,79,242
1996-97,345,194,-22
1996-97,345,-120,212
1996-97,345,12,177
1996-97,345,68,145
1996-97,345,125,210
1996-97,345,-103,129
1996-97,345,112,205
1996-97,345,8,205
1996-97,345,166,132
1996-97,345,-231,2
1996-97,345,-144,186
1996-97,345,-203,121
1996-97,345,0,0
1996-97,345,0,0
1996-97,345,0,0
1996-97,345,-205,132
1996-97,345,-129,199
1996-97,345,-131,147
1996-97,345,-233,8
1996-97,345,51,223
1996-97,345,231,-5
1996-97,345,101,26
1996-97,345,-66,93
1996-97,345,-179,171
1996-97,345,190,8
1996-97,345,159,73
1996-97,345,181,155
1996-97,345,185,52
1996-97,345,21,192
1996-97,345,170,6
1996-97,345,101,177
1996-97,345,-159,134
1996-97,345,-222,65
1996-97,345,192,125
1996-97,345,101,212
1996-97,345,0,0
1996-97,345,-107,151
1996-97,345,0,0
1996-97,345,0,0
1996-97,345,-211,103
1996-97,345,90,153
1996-97,345,90,214
1996-97,345,-116,205
1996-97,345,229,54
1996-97,345,0,0
1996-97,345,-203,123
1996-97,345,153,186
1996-97,345,-101,210
1996-97,345,-25,231
1996-97,345,-12,236
1996-97,345,-66,242
1996-97,345,-183,23
1996-97,345,131,67
1996-97,345,0,0
1996-97,345,105,34
1996-97,345,0,0
1996-97,345,92,201
1996-97,345,0,0
1996-97,345,0,0
1996-97,345,120,4
1996-97,345,-12,201
1996-97,345,-3,223
1996-97,345,-44,10
1996-97,345,105,4
1996-97,345,224,-5
1996-97,345,42,110
1996-97,345,0,0
1996-97,345,105,4
1996-97,345,127,184
1996-97,345,181,140
1996-97,345,-12,233
1996-97,345,36,95
1996-97,345,-142,188
1996-97,345,0,0
1996-97,345,47,177
1996-97,345,19,229
1996-97,345,0,0
1996-97,345,-21,184
1996-97,345,-27,199
1996-97,345,-164,179
1996-97,345,-131,110
1996-97,345,-138,186
1996-97,345,0,0
1996-97,345,118,194
1996-97,345,-99,210
1996-97,345,90,171
1996-97,345,-138,58
1996-97,345,-94,147
1996-97,345,6,188
1996-97,345,0,0
1996-97,345,214,93
1996-97,345,-79,166
1996-97,345,-55,231
1996-97,345,0,0
1996-97,345,0,0
1996-97,345,66,32
1996-97,345,-42,229
1996-97,345,222,2
1996-97,345,0,0
1996-97,345,-92,49
1996-97,345,142,149
1996-97,345,0,0
1996-97,345,0,0
1996-97,345,0,0
1996-97,345,0,0
1996-97,345,-172,-33
1996-97,345,-135,-35
1996-97,345,-161,160
1996-97,345,0,0
1996-97,345,0,0
1996-97,345,107,188
1996-97,345,0,0
1996-97,345,-144,203
1996-97,345,114,41
1996-97,345,-47,112
1996-97,345,-10,188
1996-97,345,0,0
1996-97,345,177,140
1996-97,345,81,160
1996-97,345,146,220
1996-97,345,153,179
1996-97,345,-120,60
1996-97,345,214,75
1996-97,345,164,75
1996-97,345,157,164
1996-97,345,133,186
1996-97,345,159,166
1996-97,345,0,0
1996-97,345,-94,56
1996-97,345,0,0
1996-97,345,0,0
1996-97,345,-200,138
1996-97,345,-207,99
1996-97,345,-155,173
1996-97,345,-183,504
1996-97,345,138,19
1996-97,345,-112,80
1996-97,345,-8,231
1996-97,345,-233,67
1996-97,345,127,194
1996-97,345,-181,166
1996-97,345,-187,69
1996-97,345,216,84
1996-97,345,-181,54
1996-97,345,0,0
1996-97,345,166,32
1996-97,345,0,0
1996-97,345,0,0
1996-97,345,-29,227
1996-97,345,88,103
1996-97,345,-49,43
1996-97,345,142,67
1996-97,345,-96,45
1996-97,345,227,32
1996-97,345,40,43
1996-97,345,209,75
1996-97,345,0,0
1996-97,345,222,15
1996-97,345,162,166
1996-97,345,-196,127
1996-97,345,194,147
1996-97,345,90,214
1996-97,345,-211,93
1996-97,345,-146,186
1996-97,345,120,190
1996-97,345,-183,149
1996-97,345,-192,136
1996-97,345,-226,-7
1996-97,345,-153,142
1996-97,345,90,372
1996-97,345,0,0
1996-97,345,198,147
1996-97,345,0,0
1996-97,345,190,164
1996-97,345,0,0
1996-97,345,198,164
1996-97,345,-3,244
1996-97,345,19,242
1996-97,345,-187,86
1996-97,345,159,106
1996-97,345,-62,47
1996-97,345,-29,49
1996-97,345,183,-9
1996-97,345,-140,179
1996-97,345,-131,138
1996-97,345,-190,155
1996-97,345,-211,147
1996-97,345,198,145
1996-97,345,233,21
1996-97,345,0,0
1996-97,345,-29,238
1996-97,345,-223,56
1996-97,345,92,129
1996-97,345,77,220
1996-97,345,97,227
1996-97,345,16,233
1996-97,345,211,84
1996-97,345,-235,0
1996-97,345,-196,140
1996-97,345,-183,153
1996-97,345,131,190
1996-97,345,0,0
1996-97,345,-105,138
1996-97,345,0,0
1996-97,345,-237,49
1996-97,345,0,0
1996-97,345,-222,78
1996-97,345,-60,240
1996-97,345,6,236
1996-97,345,0,0
1996-97,345,-90,216
1996-97,345,201,116
1996-97,345,110,210
1996-97,345,-203,116
1996-97,345,-229,36
1996-97,345,-138,190
1996-97,345,114,142
1996-97,345,-231,-12
1996-97,345,120,203
1996-97,345,-122,108
1996-97,345,0,0
1996-97,345,233,4
1996-97,345,-211,101
1996-97,345,149,173
1996-97,345,0,0
1996-97,345,-185,166
1996-97,345,103,190
1996-97,345,0,0
1996-97,345,0,0
1996-97,345,231,-22
1996-97,345,-12,223
1996-97,345,0,0
1996-97,345,0,0
1996-97,345,-200,121
1996-97,345,-194,132
1996-97,345,40,225
1996-97,345,0,0
1996-97,345,-83,212
1996-97,345,99,212
1996-97,345,0,0
1996-97,345,164,158
1996-97,345,-190,-3
1996-97,345,-34,181
1996-97,345,0,0
1996-97,345,164,175
1996-97,345,-68,140
1996-97,345,42,188
1996-97,345,-190,166
1996-97,345,209,103
1996-97,345,-235,-1
1996-97,345,0,0
1996-97,345,-146,10
1996-97,345,203,173
1996-97,345,71,227
1996-97,345,0,0
1996-97,345,79,171
1996-97,345,142,136
1996-97,345,127,197
1996-97,345,149,190
1996-97,345,151,199
1996-97,345,129,203
1996-97,345,0,0
1996-97,345,120,197
1996-97,345,164,95
2013-14,202349,-128,211
2013-14,202349,32,58
2013-14,202349,77,48
2013-14,202349,28,151
2013-14,202349,69,28
2013-14,202349,-5,88
2013-14,202349,42,23
2013-14,202349,4,80
2013-14,202349,-163,206
2013-14,202349,-146,112
2013-14,202349,108,-10
2013-14,202349,58,72
2013-14,202349,65,12
2013-14,202349,-87,30
2013-14,202349,223,15
2013-14,202349,69,66
2013-14,202349,159,214
2013-14,202349,-90,255
2013-14,202349,100,71
2013-14,202349,31,47
2013-14,202349,-2,64
2013-14,202349,200,151
2013-14,202349,-2,80
2013-14,202349,-202,146
2013-14,202349,106,695
2013-14,202349,236,19
2013-14,202349,-134,219
2013-14,202349,140,101
2013-14,202349,140,146
2013-14,202349,105,225
2013-14,202349,-62,96
2013-14,202349,-174,178
2013-14,202349,17,162
2013-14,202349,-21,3
2013-14,202349,0,94
2013-14,202349,59,250
2013-14,202349,119,85
2013-14,202349,-125,60
2013-14,202349,54,194
2013-14,202349,21,195
2013-14,202349,110,220
2013-14,202349,1,266
2013-14,202349,12,258
2013-14,202349,64,77
2013-14,202349,-54,179
2013-14,202349,31,31
2013-14,202349,24,4
2013-14,202349,70,246
2013-14,202349,-19,55
2013-14,202349,65,33
2013-14,202349,-202,151
2013-14,202349,-26,41
2013-14,202349,-128,224
2013-14,202349,138,213
2013-14,202349,-103,225
2013-14,202349,152,134
2013-14,202349,1,37
2013-14,202349,53,249
2013-14,202349,-217,112
2013-14,202349,42,14
2013-14,202349,173,181
2013-14,202349,73,239
2013-14,202349,72,25
2013-14,202349,81,241
2013-14,202349,1,15
2013-14,202349,152,108
2013-14,202349,19,29
2013-14,202349,21,58
2013-14,202349,-40,23
2013-14,202349,-52,71
2013-14,202349,88,33
2013-14,202349,111,89
2013-14,202349,9,64
2013-14,202349,233,14
2013-14,202349,133,45
2013-14,202349,170,184
2013-14,202349,88,33
2013-14,202349,-49,66
2013-14,202349,26,7
2013-14,202349,47,47
2013-14,202349,-67,47
2013-14,202349,-199,151
2013-14,202349,-108,168
2013-14,202349,64,39
2013-14,202349,20,0
2013-14,202349,64,28
2013-14,202349,56,265
2013-14,202349,59,241
2013-14,202349,89,75
2013-14,202349,122,219
2013-14,202349,72,47
2013-14,202349,-29,246
2013-14,202349,7,50
2013-14,202349,-168,195
2013-14,202349,94,153
2013-14,202349,-10,1
2013-14,202349,59,53
2013-14,202349,4,85
2013-14,202349,143,220
2013-14,202349,34,-5
2013-14,202349,176,195
2013-14,202349,31,20
2013-14,202349,129,487
2013-14,202349,9,269
2013-14,202349,-67,247
2013-14,202349,67,14
2013-14,202349,-134,115
2013-14,202349,34,3
2013-14,202349,24,1
2013-14,202349,10,-3
2013-14,202349,94,33
2013-14,202349,2,154
2013-14,202349,-139,198
2013-14,202349,70,33
2013-14,202349,236,34
2013-14,202349,-64,23
2013-14,202349,-24,228
2013-14,202349,-82,31
2013-14,202349,-11,255
2013-14,202349,215,121
2013-14,202349,223,121
2013-14,202349,241,91
2013-14,202349,16,1
2013-14,202349,78,19
2013-14,202349,0,168
2013-14,202349,18,36
2013-14,202349,-105,165
2013-14,202349,-71,33
2013-14,202349,-48,26
2013-14,202349,-133,140
2013-14,202349,18,257
2013-14,202349,-18,91
2013-14,202349,95,37
2013-14,202349,80,6
2013-14,202349,21,96
2013-14,202349,119,227
2013-14,202349,84,77
2013-14,202349,47,9
2013-14,202349,80,14
2013-14,202349,70,37
2013-14,202349,157,197
2013-14,202349,-82,244
2013-14,202349,51,42
2013-14,202349,-163,115
2013-14,202349,81,244
2013-14,202349,-40,69
2013-14,202349,26,15
2013-14,202349,-56,75
2013-14,202349,-70,82
2013-14,202349,23,22
2013-14,202349,-2,41
2013-14,202349,0,45
2013-14,202349,-89,236
2013-14,202349,-146,224
2013-14,202349,-231,4
2013-14,202349,151,129
2013-14,202349,65,19
2013-14,202349,43,64
2013-14,202349,-2,249
2013-14,202349,-8,97
2013-14,202349,-6,16
2013-14,202349,122,80
2013-14,202349,182,26
2013-14,202349,64,53
2013-14,202349,147,107
2013-14,202349,23,165
2013-14,202349,141,208
2013-14,202349,61,154
2013-14,202349,155,107
2013-14,202349,-52,12
2013-14,202349,-157,201
2013-14,202349,106,127
2013-14,202349,70,23
2013-14,202349,10,165
2013-14,202349,22,16
2013-14,202349,20,282
2013-14,202349,157,203
2013-14,202349,105,247
2013-14,202349,-201,132
2013-14,202349,193,167
2013-14,202349,114,67
2013-14,202349,28,15
2013-14,202349,-15,14
2013-14,202349,61,255
2013-14,202349,97,172
2013-14,202349,72,231
2013-14,202349,73,39
2013-14,202349,111,80
2013-14,202349,42,31
2013-14,202349,195,142
2013-14,202349,-169,187
2013-14,202349,176,173
2013-14,202349,56,34
2013-14,202349,0,52
2013-14,202349,-144,107
2013-14,202349,48,61
2013-14,202349,-23,52
2013-14,202349,-134,216
2013-14,202349,-164,20
2013-14,202349,152,209
2013-14,202349,-8,6
2013-14,202349,233,3
2013-14,202349,31,3
2013-14,202349,31,25
2013-14,202349,-185,151
2013-14,202349,-24,56
2013-14,202349,122,224
2013-14,202349,32,47
2013-14,202349,-32,36
2013-14,202349,-62,241
2013-14,202349,20,0
2013-14,202349,151,203
2013-14,202349,6,241
2013-14,202349,78,225
2013-14,202349,212,134
2013-14,202349,-60,231
2013-14,202349,4,36
2013-14,202349,84,170
2013-14,202349,-48,66
2013-14,202349,15,7
2013-14,202349,56,23
2013-14,202349,0,72
2013-14,202349,124,236
2013-14,202349,-188,-17
2013-14,202349,-90,238
2013-14,202349,99,99
2013-14,202349,6,263
2013-14,202349,214,131
2013-14,202349,154,213
2013-14,202349,-19,55
2013-14,202349,17,93
2013-14,202349,171,195
2013-14,202349,149,214
2013-14,202349,10,222
2013-14,202349,-67,257
2013-14,202349,-198,61
2013-14,202349,-48,97
2013-14,202349,149,159
2013-14,202349,92,63
2013-14,202349,6,102
2013-14,202349,233,50
2013-14,202349,-16,35
2013-14,202349,-242,75
2013-14,202349,192,167
2013-14,202349,236,80
2013-14,202349,0,227
2013-14,202349,40,12
2013-14,202349,81,239
2013-14,202349,37,-5
2013-14,202349,173,197
2013-14,202349,163,15
2013-14,202349,234,11
2013-14,202349,29,66
2013-14,202349,37,238
2013-14,202349,70,23
2013-14,202349,-2,249
2013-14,202349,130,242
2013-14,202349,-10,183
2013-14,202349,43,205
2013-14,202349,-11,258
2013-14,202349,7,50
2013-14,202349,17,1
2013-14,202349,59,28
2013-14,202349,47,238
2013-14,202349,231,26
2013-14,202349,-56,55
2013-14,202349,152,189
2013-14,202349,48,33
2013-14,202349,100,231
2013-14,202349,-187,156
2013-14,202349,-152,129
2013-14,202349,72,236
2013-14,202349,228,6
2013-14,202349,-169,176
2013-14,202349,-106,11
2013-14,202349,-16,6
2013-14,202349,17,17
2013-14,202349,21,1
2013-14,202349,-43,17
2013-14,202349,-62,244
2013-14,202349,184,172
2013-14,202349,-235,48
2013-14,202349,20,3
2013-14,202349,4,22
2013-14,202349,18,-5
2013-14,202349,17,0
2013-14,202349,119,72
2013-14,202349,70,25
2013-14,202349,149,203
2013-14,202349,-90,228
2013-14,202349,-87,247
2013-14,202349,-234,71
2013-14,202349,234,9
2013-14,202349,-27,66
2013-14,202349,212,156
2013-14,202349,-175,463
2013-14,202349,10,20
2013-14,202349,58,17
2013-14,202349,-16,85
2013-14,202349,27,24
2013-14,202349,-127,228
2013-14,202349,234,14
2013-14,202349,-207,140
2013-14,202349,51,11
2013-14,202349,-163,211
2013-14,202349,13,255
2013-14,202349,129,211
2013-14,202349,42,94
2013-14,202349,6,239
2013-14,202349,116,227
2013-14,202349,108,127
2013-14,202349,26,42
2013-14,202349,1,30
2013-14,202349,34,0
2013-14,202349,15,175
2013-14,202349,237,3
2013-14,202349,103,7
2013-14,202349,171,85
2013-14,202349,160,190
2013-14,202349,4,64
2013-14,202349,18,6
2013-14,202349,2,96
2013-14,202349,-182,160
2013-14,202349,0,258
2013-14,202349,-52,53
2013-14,202349,114,227
2013-14,202349,-15,6
2013-14,202349,105,239
2013-14,202349,48,17
2013-14,202349,61,249
2013-14,202349,152,203
2013-14,202349,-54,257
2013-14,202349,170,230
2013-14,202349,111,242
2013-14,202349,53,31
2013-14,202349,-199,153
2013-14,202349,-213,140
2013-14,202349,17,67
2013-14,202349,28,52
2013-14,202349,141,203
2013-14,202349,59,48
2013-14,202349,-4,41
2013-14,202349,0,318
2013-14,202349,61,105
2013-14,202349,105,222
2013-14,202349,20,74
2013-14,202349,9,108
2013-14,202349,83,30
2013-14,202349,-5,41
2013-14,202349,67,22
2013-14,202349,173,176
2013-14,202349,7,34
2013-14,202349,4,3
2013-14,202349,237,-14
2013-14,202349,36,31
2013-14,202349,-201,164
2013-14,202349,-183,192
2013-14,202349,48,15
2013-14,202349,56,255
2013-14,202349,242,44
2013-14,202349,-95,30
2013-14,202349,21,30
2013-14,202349,-169,7
2013-14,202349,95,14
2013-14,202349,-155,214
2013-14,202349,26,19
2013-14,202349,99,31
2013-14,202349,-18,260
2013-14,202349,65,34
2013-14,202349,23,48
2013-14,202349,-15,50
2013-14,202349,29,52
2013-14,202349,-26,34
2013-14,202349,143,214
2013-14,202349,203,151
2013-14,202349,26,53
2013-14,202349,40,22
2013-14,202349,-139,200
2013-14,202349,50,9
2013-14,202349,91,137
2013-14,202349,29,71
2013-14,202349,-90,227
2013-14,202349,176,176
2013-14,202349,37,36
2013-14,202349,50,52
2013-14,202349,24,17
2013-14,202349,91,236
2013-14,202349,7,107
2013-14,202349,-164,189
2013-14,202349,135,211
2013-14,202349,47,14
2013-14,202349,77,235
2013-14,202349,-147,189
2013-14,202349,-183,173
2013-14,202349,135,126
2013-14,202349,163,85
2013-14,202349,149,60
2013-14,202349,237,22
2013-14,202349,234,28
2013-14,202349,-5,61
2013-14,202349,-21,249
2013-14,202349,50,48
2013-14,202349,2,7
2013-14,202349,-71,39
2013-14,202349,103,225
2013-14,202349,110,227
2013-14,202349,-198,164
2013-14,202349,-10,52
2013-14,202349,-157,184
2013-14,202349,-24,244
2013-14,202349,-234,0
2013-14,202349,12,53
2013-14,202349,23,12
2013-14,202349,165,195
2013-14,202349,94,149
2013-14,202349,-89,231
2013-14,202349,176,184
2013-14,202349,154,197
2013-14,202349,106,44
2013-14,202349,36,39
2013-14,202349,106,56
2013-14,202349,7,12
2013-14,202349,-81,230
2013-14,202349,116,148
2013-14,202349,4,31
2013-14,202349,-142,197
2013-14,202349,18,9
2013-14,202349,43,12
2013-14,202349,-134,201
2013-14,202349,160,200
2013-14,202349,-41,77
2013-14,202349,-16,9
2013-14,202349,124,213
2013-14,202349,-172,175
2013-14,202349,105,219
2013-14,202349,65,30
2013-14,202349,29,266
2013-14,202349,64,28
2013-14,202349,21,205
2013-14,202349,-139,203
2013-14,202349,119,239
2013-14,202349,92,23
2013-14,202349,124,230
2013-14,202349,-43,249
2013-14,202349,125,148
2013-14,202349,-131,205
2013-14,202349,-120,225
2013-14,202349,21,244
2013-14,202349,193,159
2013-14,202349,170,181
2013-14,202349,200,60
2013-14,202349,91,131
2013-14,202349,-71,135
2013-14,202349,62,72
2013-14,202349,155,6
2013-14,202349,-16,0
2013-14,202349,239,-30
2013-14,202349,105,230
2013-14,202349,-239,-24
2013-14,202349,105,238
2013-14,202349,47,14
2013-14,202349,29,75
2013-14,202349,-5,80
2013-14,202349,18,9
2013-14,202349,39,261
2013-14,202349,43,9
2013-14,202349,86,52
2013-14,202349,2,23
2013-14,202349,-49,67
2013-14,202349,32,69
2013-14,202349,7,255
2013-14,202349,19,8
2013-14,202349,99,241
2013-14,202349,110,233
2013-14,202349,127,227
2013-14,202349,39,58
2013-14,202349,69,30
2013-14,202349,77,258
2013-14,202349,42,20
2013-14,202349,70,201
2013-14,202349,-37,241
2013-14,202349,-32,26
2013-14,202349,203,143
2013-14,202349,231,12
2013-14,202349,-157,36
2013-14,202349,-18,50
2013-14,202349,-8,71
2013-14,202349,-49,119
2013-14,202349,99,56
2013-14,202349,0,45
2013-14,202349,34,39
2013-14,202349,133,211
2013-14,202349,110,230
2013-14,202349,-157,198
2013-14,202349,7,-3
2013-14,202349,18,7
2013-14,202349,184,507
2013-14,202349,-16,255
2013-14,202349,-182,184
2013-14,202349,-172,175
2013-14,202349,-196,148
2013-14,202349,-182,175
2013-14,202349,50,41
2013-14,202349,241,53
2013-14,202349,-18,9
2013-14,202349,-212,143
2013-14,202349,152,6
2013-14,202349,154,104
2013-14,202349,80,242
2013-14,202349,189,179
2013-14,202349,17,82
2013-14,202349,10,75
2013-14,202349,135,225
2013-14,202349,-188,198
2013-14,202349,50,50
2013-14,202349,81,19
2013-14,202349,-163,198
2013-14,202349,231,7
2013-14,202349,23,4
2013-14,202349,-65,39
2013-14,202349,27,19
2013-14,202349,40,19
2013-14,202349,-13,-3
2013-14,202349,-48,72
2013-14,202349,100,249
2013-14,202349,-59,30
2013-14,202349,195,176
2013-14,202349,230,80
2013-14,202349,141,9
2013-14,202349,-4,88
2013-14,202349,-59,93
2013-14,202349,146,211
2013-14,202349,50,56
2013-14,202349,51,66
2013-14,202349,211,134
2013-14,202349,-34,77
2013-14,202349,86,47
2013-14,202349,70,252
2013-14,202349,105,231
2013-14,202349,103,225
2013-14,202349,88,258
2013-14,202349,99,244
2013-14,202349,78,176
2013-14,202349,174,-16
2013-14,202349,13,6
2013-14,202349,230,12
2013-14,202349,147,201
2013-14,202349,-175,186
2013-14,202349,0,1
2013-14,202349,108,173
2013-14,202349,10,69
2013-14,202349,6,110
2013-14,202349,230,3
2013-14,202349,20,15
2013-14,202349,0,11
2013-14,202349,-16,244
2013-14,202349,-127,208
2013-14,202349,146,61
2013-14,202349,13,3
2013-14,202349,-19,17
2013-14,202349,-163,192
2013-14,202349,83,22
2013-14,202349,113,225
2013-14,202349,75,247
2013-14,202349,114,172
2013-14,202349,138,138
2013-14,202349,-234,44
2013-14,202349,81,23
2013-14,202349,-93,246
2013-14,202349,45,23
2013-14,202349,-32,22
2013-14,202349,237,23
2013-14,202349,15,11
2013-14,202349,184,176
2013-14,202349,39,22
2013-14,202349,171,192
2013-14,202349,-4,6
2013-14,202349,31,19
2013-14,202349,152,203
2013-14,202349,-120,222
2013-14,202349,21,247
2013-14,202349,-32,60
2013-14,202349,181,187
2013-14,202349,179,189
2013-14,202349,233,31
2013-14,202349,116,242
2013-14,202349,28,255
2013-14,202349,-10,42
2013-14,202349,-93,241
2013-14,202349,37,19
2013-14,202349,2,34
2013-14,202349,24,23
2013-14,202349,7,74
2013-14,202349,23,45
2013-14,202349,179,209
2013-14,202349,7,238
2013-14,202349,78,265
2013-14,202349,67,26
2013-14,202349,102,227
2013-14,202349,67,261
2013-14,202349,36,11
2013-14,202349,43,42
2013-14,202349,26,195
2013-14,202349,166,112
2013-14,202349,-160,211
2013-14,202349,-100,148
2013-14,202349,37,249
2013-14,202349,43,-6
2013-14,202349,-54,265
2013-14,202349,147,209
2013-14,202349,-239,-10
2013-14,202349,-10,6
2013-14,202349,-212,170
2013-14,202349,-105,60
2013-14,202349,9,19
2013-14,202349,-23,80
2013-14,202349,11,4
2013-14,202349,-228,132
2013-14,202349,228,-5
2013-14,202349,-48,260
2013-14,202349,103,252
2013-14,202349,-169,198
2013-14,202349,-119,165
2013-14,202349,-54,255
2013-14,202349,-228,0
2013-14,202349,34,1
2013-14,202349,113,236
2013-14,202349,231,78
2013-14,202349,77,26
2013-14,202349,-193,146
2013-14,202349,-34,263
2013-14,202349,-179,77
2013-14,202349,-160,205
2013-14,202349,-4,3
2013-14,202349,-160,181
2013-14,202349,-141,140
2013-14,202349,81,11
2013-14,202349,196,187
2013-14,202349,-213,138
2013-14,202349,92,247
2013-14,202349,-134,227
2013-14,202349,1,20
2013-14,202349,-123,225
2013-14,202349,-229,3
2013-14,202349,-136,115
2013-14,202349,141,220
2013-14,202349,-240,78
2013-14,202349,-41,254
2013-14,202349,39,14
2013-14,202349,129,134
2013-14,202349,-11,11
2013-14,202349,-70,242
2013-14,202349,212,126
2013-14,202349,-147,197
2013-14,202349,-212,121
2013-14,202349,-201,134
2013-14,202349,125,224
2013-14,202349,17,14
1997-98,1501,29,-14
1997-98,1501,160,33
1997-98,1501,-23,-10
1997-98,1501,-12,0
1997-98,1501,0,0
1997-98,1501,136,124
1997-98,1501,0,0
1997-98,1501,0,0
1997-98,1501,-3,151
1997-98,1501,-173,117
1997-98,1501,-171,53
1997-98,1501,-154,83
1997-98,1501,0,0
1997-98,1501,-160,-16
1997-98,1501,-115,-23
1997-98,1501,-177,-14
1997-98,1501,-10,278
1997-98,1501,0,0
1997-98,1501,-192,72
1997-98,1501,-166,121
1997-98,1501,-119,239
1997-98,1501,-177,203
1997-98,1501,-128,-14
1997-98,1501,-162,23
1997-98,1501,-229,134
1997-98,1501,0,0
1997-98,1501,0,0
1997-98,1501,-21,265
1997-98,1501,235,78
1997-98,1501,-119,57
1997-98,1501,96,234
1997-98,1501,162,-21
1997-98,1501,0,0
1997-98,1501,0,0
1997-98,1501,0,0
1997-98,1501,0,0
1997-98,1501,74,235
1997-98,1501,0,0
1997-98,1501,-101,0
1997-98,1501,-53,25
1997-98,1501,-164,-21
1997-98,1501,0,0
1997-98,1501,25,10
1997-98,1501,0,0
1997-98,1501,-10,12
1997-98,1501,0,0
1997-98,1501,-61,8
1997-98,1501,0,0
1997-98,1501,0,0
1997-98,1501,-164,46
1997-98,1501,151,-40
1997-98,1501,115,63
1997-98,1501,0,0
1997-98,1501,0,0
1997-98,1501,0,0
1997-98,1501,0,0
1997-98,1501,0,0
1997-98,1501,0,0
1997-98,1501,51,76
1997-98,1501,-117,38
1997-98,1501,-169,61
1997-98,1501,68,23
1997-98,1501,10,-1
1997-98,1501,100,29
1997-98,1501,-12,14
1997-98,1501,-53,31
1997-98,1501,147,196
1997-98,1501,-173,14
1997-98,1501,0,0
1997-98,1501,214,113
1997-98,1501,-124,151
1997-98,1501,-209,151
1997-98,1501,0,0
1997-98,1501,-175,171
1997-98,1501,0,0
1997-98,1501,0,0
1997-98,1501,0,0
1997-98,1501,177,93
1997-98,1501,145,205
1997-98,1501,-194,145
1997-98,1501,0,0
1997-98,1501,31,31
1997-98,1501,-85,18
1997-98,1501,0,0
1997-98,1501,-38,59
1997-98,1501,0,0
1997-98,1501,-130,59
1997-98,1501,0,0
1997-98,1501,0,0
1997-98,1501,0,0
1997-98,1501,-136,203
1997-98,1501,149,-12
1997-98,1501,55,102
1997-98,1501,0,0
1997-98,1501,123,27
1997-98,1501,216,147
1997-98,1501,0,0
1997-98,1501,154,27
1997-98,1501,0,0
1997-98,1501,179,190
1997-98,1501,0,0
1997-98,1501,119,10
1997-98,1501,-186,-16
1997-98,1501,-173,59
1997-98,1501,0,0
1997-98,1501,0,0
1997-98,1501,-182,177
1997-98,1501,-190,3
1997-98,1501,-169,205
1997-98,1501,-136,81
1997-98,1501,-197,160
1997-98,1501,138,209
1997-98,1501,8,3
1997-98,1501,-83,134
1997-98,1501,-12,5
1997-98,1501,-1,10
1997-98,1501,10,1
1997-98,1501,5,8
1997-98,1501,20,239
1997-98,1501,-79,-21
1997-98,1501,173,-38
1997-98,1501,0,0
1997-98,1501,100,25
1997-98,1501,-98,254
1997-98,1501,-136,227
1997-98,1501,186,175
1997-98,1501,0,0
1997-98,1501,-121,-25
1997-98,1501,0,0
1997-98,1501,0,0
1997-98,1501,-199,171
1997-98,1501,-124,218
1997-98,1501,0,0
1997-98,1501,-149,143
1997-98,1501,-16,44
1997-98,1501,0,42
1997-98,1501,132,44
1997-98,1501,-143,36
1997-98,1501,29,186
1997-98,1501,-197,154
1997-98,1501,61,250
1997-98,1501,-227,1
1997-98,1501,0,0
1997-98,1501,0,0
1997-98,1501,0,0
1997-98,1501,0,0
1997-98,1501,0,0
1997-98,1501,0,0
1997-98,1501,-141,81
1997-98,1501,0,0
1997-98,1501,0,0
1997-98,1501,0,0
1997-98,1501,181,72
1997-98,1501,-160,60
1997-98,1501,0,0
1997-98,1501,-147,102
1997-98,1501,111,61
1997-98,1501,145,72
1997-98,1501,53,246
1997-98,1501,134,-8
1997-98,1501,-31,40
1997-98,1501,0,0
1997-98,1501,33,53
1997-98,1501,-175,355
1997-98,1501,156,-8
1997-98,1501,-23,14
1997-98,1501,134,143
1997-98,1501,57,179
1997-98,1501,0,0
1997-98,1501,0,0
1997-98,1501,0,0
1997-98,1501,-199,-18
1997-98,1501,44,12
1997-98,1501,-151,132
1997-98,1501,33,21
1997-98,1501,-149,0
1997-98,1501,-171,-5
1997-98,1501,141,115
1997-98,1501,0,0
1997-98,1501,55,5
1997-98,1501,-128,132
1997-98,1501,-25,16
1997-98,1501,0,0
1997-98,1501,0,0
1997-98,1501,0,0
1997-98,1501,-158,1
1997-98,1501,0,0
1997-98,1501,0,0
1997-98,1501,0,0
1997-98,1501,66,194
1997-98,1501,132,130
1997-98,1501,218,113
1997-98,1501,132,205
1997-98,1501,184,5
1997-98,1501,0,0
1997-98,1501,104,141
1997-98,1501,231,-8
1997-98,1501,136,5
1997-98,1501,201,132
1997-98,1501,-205,3
1997-98,1501,91,201
1997-98,1501,-3,126
1997-98,1501,0,0
1997-98,1501,0,0
1997-98,1501,61,237
1997-98,1501,209,143
1997-98,1501,1,-1
1997-98,1501,171,115
1997-98,1501,31,246
1997-98,1501,3,-3
1997-98,1501,3,-1
1997-98,1501,70,257
1997-98,1501,-179,-21
1997-98,1501,0,0
1997-98,1501,-237,-3
1997-98,1501,0,0
1997-98,1501,0,0
1997-98,1501,207,156
1997-98,1501,0,0
1997-98,1501,-177,-38
1997-98,1501,3,40
1997-98,1501,0,0
1997-98,1501,-8,259
1997-98,1501,0,0
1997-98,1501,0,0
1997-98,1501,-23,265
1997-98,1501,0,0
1997-98,1501,0,0
1997-98,1501,0,0
1997-98,1501,0,0
1997-98,1501,216,147
1997-98,1501,0,0
1997-98,1501,0,0
1997-98,1501,-199,164
1997-98,1501,-14,269
1997-98,1501,-3,192
1997-98,1501,0,0
1997-98,1501,0,0
1997-98,1501,-36,-3
1997-98,1501,0,0
1997-98,1501,207,175
1997-98,1501,-188,199
1997-98,1501,-126,-3
1997-98,1501,-164,3
1997-98,1501,0,0
1997-98,1501,-154,231
1997-98,1501,0,0
1997-98,1501,-8,25
1997-98,1501,-186,-10
1997-98,1501,0,0
1997-98,1501,0,0
1997-98,1501,-91,257
1997-98,1501,0,0
1997-98,1501,23,12
1997-98,1501,117,70
1997-98,1501,149,-16
1997-98,1501,-79,40
1997-98,1501,-115,171
1997-98,1501,-10,53
1997-98,1501,126,85
1997-98,1501,199,169
1997-98,1501,-177,179
1997-98,1501,-177,-3
1997-98,1501,70,12
1997-98,1501,-227,-3
1997-98,1501,-83,3
1997-98,1501,-44,38
1997-98,1501,0,0
1997-98,1501,-53,23
1997-98,1501,-175,177
1997-98,1501,-199,154
1997-98,1501,0,0
1997-98,1501,-190,164
1997-98,1501,229,104
1997-98,1501,85,51
1997-98,1501,0,0
1997-98,1501,-192,201
1997-98,1501,171,111
1997-98,1501,3,265
1997-98,1501,0,0
1997-98,1501,166,78
1997-98,1501,-231,102
1997-98,1501,23,81
1997-98,1501,141,18
1997-98,1501,-134,209
1997-98,1501,-111,70
1997-98,1501,-227,-1
1997-98,1501,14,117
1997-98,1501,-53,36
1997-98,1501,-21,3
1997-98,1501,-147,117
1997-98,1501,35,14
1997-98,1501,-158,18
1997-98,1501,154,25
1997-98,1501,-61,239
1997-98,1501,199,5
1997-98,1501,-233,8
1997-98,1501,0,0
1997-98,1501,-38,248
1997-98,1501,0,0
1997-98,1501,149,98
1997-98,1501,0,0
1997-98,1501,0,0
1997-98,1501,104,154
1997-98,1501,0,0
1997-98,1501,-128,87
1997-98,1501,-156,203
1997-98,1501,0,0
1997-98,1501,-242,-12
1997-98,1501,-106,33
1997-98,1501,-184,27
1997-98,1501,-233,-31
1997-98,1501,-126,89
1997-98,1501,119,102
1997-98,1501,0,0
1997-98,1501,-205,169
1997-98,1501,-164,55
1997-98,1501,93,46
1997-98,1501,-164,25
1997-98,1501,0,0
1997-98,1501,-10,254
1997-98,1501,-130,48
1997-98,1501,128,220
1997-98,1501,0,0
1997-98,1501,-224,119
1997-98,1501,-162,3
1997-98,1501,123,1
1997-98,1501,3,263
1997-98,1501,-8,263
1997-98,1501,-98,156
1997-98,1501,162,179
1997-98,1501,162,-1
1997-98,1501,-235,51
1997-98,1501,145,42
1997-98,1501,0,0
1997-98,1501,-182,0
1997-98,1501,-27,57
1997-98,1501,-117,-1
1997-98,1501,0,0
1997-98,1501,0,0
1997-98,1501,201,158
1997-98,1501,194,8
1997-98,1501,-192,179
1997-98,1501,-244,-8
1997-98,1501,-79,-10
1997-98,1501,-158,-21
1997-98,1501,0,0
1997-98,1501,209,158
1997-98,1501,0,0
1997-98,1501,-160,115
1997-98,1501,-85,263
1997-98,1501,121,68
1997-98,1501,-106,83
1997-98,1501,0,0
1997-98,1501,3,269
1997-98,1501,0,0
1997-98,1501,0,0
1997-98,1501,102,239
1997-98,1501,0,0
1997-98,1501,29,269
1997-98,1501,181,76
1997-98,1501,0,0
1997-98,1501,147,121
1997-98,1501,1,14
1997-98,1501,0,0
1997-98,1501,104,227
1997-98,1501,-63,72
1997-98,1501,-231,-23
1997-98,1501,0,0
1997-98,1501,128,-18
1997-98,1501,0,0
1997-98,1501,123,81
1997-98,1501,-175,171
1997-98,1501,0,0
1997-98,1501,156,-18
1997-98,1501,3,1
1997-98,1501,-214,173
1997-98,1501,181,16
1997-98,1501,0,0
1997-98,1501,-154,220
1997-98,1501,0,0
1997-98,1501,0,0
1997-98,1501,5,44
1997-98,1501,0,0
1997-98,1501,-38,272
1997-98,1501,-53,-46
1997-98,1501,-207,160
1997-98,1501,-124,-14
1997-98,1501,0,0
1997-98,1501,46,27
1997-98,1501,-33,42
1997-98,1501,171,-18
1997-98,1501,0,0
1997-98,1501,0,0
1997-98,1501,0,0
1997-98,1501,143,91
1997-98,1501,-68,36
1997-98,1501,121,5
1997-98,1501,59,242
1997-98,1501,-18,25
1997-98,1501,78,14
1997-98,1501,-38,16
1997-98,1501,-212,166
1997-98,1501,48,70
1997-98,1501,-1,1
1997-98,1501,-190,175
1997-98,1501,-218,132
1997-98,1501,-12,10
1997-98,1501,128,237
1997-98,1501,-229,117
1997-98,1501,-12,23
1997-98,1501,226,-10
1997-98,1501,173,55
1997-98,1501,0,0
1997-98,1501,-227,14
1997-98,1501,-156,-3
1997-98,1501,224,70
1997-98,1501,-224,113
1997-98,1501,0,0
1997-98,1501,0,0
1997-98,1501,0,0
1997-98,1501,0,0
1997-98,1501,-229,51
1997-98,1501,0,0
1997-98,1501,0,0
1997-98,1501,226,8
1997-98,1501,-124,130
1997-98,1501,184,209
1997-98,1501,0,0
1997-98,1501,111,-3
1997-98,1501,0,0
1997-98,1501,0,0
1997-98,1501,31,36
1997-98,1501,-188,190
1997-98,1501,0,0
1997-98,1501,0,0
1997-98,1501,184,207
1997-98,1501,0,0
1997-98,1501,0,0
1997-98,1501,-38,242
1997-98,1501,-220,23
1997-98,1501,233,57
1997-98,1501,-164,66
1997-98,1501,0,0
1997-98,1501,-151,23
1997-98,1501,-85,16
1997-98,1501,0,0
1997-98,1501,-222,109
1997-98,1501,-48,61
1997-98,1501,0,0
1997-98,1501,0,0
1997-98,1501,44,61
1997-98,1501,0,0
1997-98,1501,171,76
1997-98,1501,173,203
1997-98,1501,-199,106
1997-98,1501,0,0
1997-98,1501,0,0
1997-98,1501,-175,-10
1997-98,1501,173,42
1997-98,1501,0,0
1997-98,1501,-14,254
1997-98,1501,-154,209
1997-98,1501,5,0
1997-98,1501,89,10
1997-98,1501,186,179
1997-98,1501,5,-1
1997-98,1501,3,201
1997-98,1501,-111,121
1997-98,1501,154,216
1997-98,1501,-214,156
1997-98,1501,-190,184
1997-98,1501,-16,14
1997-98,1501,-23,10
1997-98,1501,151,46
1997-98,1501,169,91
1997-98,1501,-44,23
1997-98,1501,132,23
1997-98,1501,55,16
1997-98,1501,0,0
1997-98,1501,-182,196
1997-98,1501,0,0
1997-98,1501,-132,-1
1997-98,1501,-186,199
1997-98,1501,-160,233
1997-98,1501,-23,10
1997-98,1501,0,0
1997-98,1501,66,25
1997-98,1501,0,0
1997-98,1501,12,100
1997-98,1501,-149,216
1997-98,1501,0,0
1997-98,1501,-199,188
1997-98,1501,0,0
1997-98,1501,-212,158
1997-98,1501,3,246
1997-98,1501,0,0
1997-98,1501,0,0
1997-98,1501,0,0
1997-98,1501,0,0
1997-98,1501,-91,244
1997-98,1501,0,0
1997-98,1501,-218,126
1997-98,1501,233,-10
1997-98,1501,0,0
1997-98,1501,-98,119
1997-98,1501,1,201
1997-98,1501,-113,231
1997-98,1501,0,0
1997-98,1501,0,0
1997-98,1501,177,51
1997-98,1501,0,0
1997-98,1501,-194,3
1997-98,1501,0,0
1997-98,1501,166,184
1997-98,1501,-160,190
1997-98,1501,0,0
1997-98,1501,0,0
1997-98,1501,89,229
1997-98,1501,-132,91
1997-98,1501,-147,237
1997-98,1501,-40,46
1997-98,1501,0,0
1997-98,1501,0,0
1997-98,1501,-19,84
1997-98,1501,0,0
1997-98,1501,-192,166
1997-98,1501,0,0
1997-98,1501,-154,16
1997-98,1501,-203,171
1997-98,1501,0,0
1997-98,1501,-158,205
1997-98,1501,-98,18
1997-98,1501,-115,96
1997-98,1501,154,16
1997-98,1501,-18,252
1997-98,1501,-12,1
1997-98,1501,1,0
1997-98,1501,33,5
1997-98,1501,-192,10
1997-98,1501,10,1
1997-98,1501,-231,-3
1997-98,1501,14,1
1997-98,1501,14,16
1997-98,1501,-182,63
1997-98,1501,130,70
1997-98,1501,8,10
1997-98,1501,78,130
1997-98,1501,-109,83
1997-98,1501,-44,-8
1997-98,1501,-190,194
1997-98,1501,0,0
1997-98,1501,0,0
1997-98,1501,0,0
1997-98,1501,233,145
1997-98,1501,147,-18
1997-98,1501,0,0
1997-98,1501,0,0
1997-98,1501,5,70
1997-98,1501,0,0
1997-98,1501,-29,10
1997-98,1501,158,10
1997-98,1501,0,0
1997-98,1501,0,0
1997-98,1501,-156,89
1997-98,1501,0,0
1997-98,1501,0,0
1997-98,1501,0,0
1997-98,1501,-235,-8
1997-98,1501,-113,89
1997-98,1501,0,0
1997-98,1501,0,0
1997-98,1501,-188,177
1997-98,1501,132,83
1997-98,1501,216,151
1997-98,1501,-156,209
1997-98,1501,-156,0
1997-98,1501,-190,184
1997-98,1501,0,0
1997-98,1501,0,0
1997-98,1501,-106,244
1997-98,1501,-158,12
1997-98,1501,-212,175
1997-98,1501,0,0
1997-98,1501,-177,166
1997-98,1501,-85,25
1997-98,1501,3,83
1997-98,1501,0,0
1997-98,1501,0,0
1997-98,1501,-233,-14
1997-98,1501,0,0
1997-98,1501,25,-1
1997-98,1501,0,0
1997-98,1501,0,0
1997-98,1501,14,68
1997-98,1501,207,134
1997-98,1501,199,143
1997-98,1501,0,0
1997-98,1501,141,119
1997-98,1501,156,192
1997-98,1501,149,158
1997-98,1501,31,23
1997-98,1501,134,201
1997-98,1501,-154,74
1997-98,1501,96,44
1997-98,1501,55,252
1997-98,1501,8,-1
1997-98,1501,-3,-1
1997-98,1501,149,21
1997-98,1501,3,196
1997-98,1501,-237,61
1997-98,1501,-201,18
1997-98,1501,0,0
1997-98,1501,0,0
1997-98,1501,-158,-8
1997-98,1501,-151,126
1997-98,1501,0,0
1997-98,1501,0,0
1997-98,1501,0,0
1997-98,1501,-151,199
1997-98,1501,-194,184
1997-98,1501,0,0
1997-98,1501,0,0
1997-98,1501,-212,162
1997-98,1501,0,0
1997-98,1501,134,85
1997-98,1501,-128,-25
1997-98,1501,-177,-21
1997-98,1501,0,0
1997-98,1501,-188,156
1997-98,1501,0,0
1997-98,1501,-212,124
1997-98,1501,166,179
1997-98,1501,0,40
1997-98,1501,0,0
1997-98,1501,-76,51
1997-98,1501,-227,-25
1997-98,1501,0,0
1997-98,1501,-175,46
1997-98,1501,51,23
1997-98,1501,-192,166
1997-98,1501,-1,29
1997-98,1501,0,0
1997-98,1501,-184,171
1997-98,1501,0,0
1997-98,1501,-147,76
1997-98,1501,-182,181
1997-98,1501,-111,87
1997-98,1501,-117,40
1997-98,1501,0,0
1997-98,1501,-179,-16
1997-98,1501,33,18
1997-98,1501,0,-1
1997-98,1501,-51,55
1997-98,1501,-40,51
1997-98,1501,-6,-5
1997-98,1501,-3,-14
1997-98,1501,-23,-3
1997-98,1501,-6,-8
1997-98,1501,145,98
1997-98,1501,0,0
1997-98,1501,0,0
1997-98,1501,0,0
1997-98,1501,0,0
1997-98,1501,18,246
1997-98,1501,-233,5
1997-98,1501,-147,93
1997-98,1501,-231,10
1997-98,1501,-106,136
1997-98,1501,-119,139
1997-98,1501,5,21
1997-98,1501,-31,1
1997-98,1501,0,0
1997-98,1501,0,0
1997-98,1501,0,0
1997-98,1501,0,0
1997-98,1501,0,0
1997-98,1501,190,14
1997-98,1501,0,0
1997-98,1501,-23,244
1997-98,1501,0,0
1997-98,1501,0,0
1997-98,1501,1,244
1997-98,1501,0,0
1996-97,371,12,201
1996-97,371,233,23
1996-97,371,-83,181
1996-97,371,-5,236
1996-97,371,120,13
1996-97,371,123,201
1996-97,371,-8,242
1996-97,371,-155,207
1996-97,371,-196,13
1996-97,371,229,34
1996-97,371,79,218
1996-97,371,-185,173
1996-97,371,-144,80
1996-97,371,-155,10
1996-97,371,172,39
1996-97,371,0,0
1996-97,371,0,0
1996-97,371,0,0
1996-97,371,0,0
1996-97,371,231,67
1996-97,371,-151,56
1996-97,371,-216,82
1996-97,371,-190,0
1996-97,371,-135,151
1996-97,371,216,95
1996-97,371,123,108
1996-97,371,25,116
1996-97,371,-187,8
1996-97,371,-86,220
1996-97,371,-75,233
1996-97,371,38,233
1996-97,371,0,0
1996-97,371,0,0
1996-97,371,73,223
1996-97,371,-68,236
1996-97,371,-90,13
1996-97,371,0,0
1996-97,371,0,0
1996-97,371,-209,134
1996-97,371,181,171
1996-97,371,0,0
1996-97,371,-88,164
1996-97,371,-10,272
1996-97,371,-12,242
1996-97,371,-170,177
1996-97,371,-233,-20
1996-97,371,79,223
1996-97,371,0,0
1996-97,371,86,39
1996-97,371,-166,175
1996-97,371,6,242
1996-97,371,-235,69
1996-97,371,-209,90
1996-97,371,-57,238
1996-97,371,-205,136
1996-97,371,0,0
1996-97,371,-112,227
1996-97,371,0,0
1996-97,371,0,0
1996-97,371,-179,10
1996-97,371,-174,19
1996-97,371,-60,56
1996-97,371,-110,33
1996-97,371,6,246
1996-97,371,-146,121
1996-97,371,-5,246
1996-97,371,-77,214
1996-97,371,-3,225
1996-97,371,-233,58
1996-97,371,-190,173
1996-97,371,-161,116
1996-97,371,0,0
1996-97,371,-229,67
1996-97,371,-209,132
1996-97,371,-83,229
1996-97,371,0,0
1996-97,371,-107,149
1996-97,371,-194,129
1996-97,371,-144,36
1996-97,371,-231,73
1996-97,371,-140,181
1996-97,371,0,0
1996-97,371,209,75
1996-97,371,0,0
1996-97,371,0,0
1996-97,371,-105,205
1996-97,371,0,0
1996-97,371,0,0
1996-97,371,-185,175
1996-97,371,-161,71
1996-97,371,142,210
1996-97,371,92,225
1996-97,371,-226,26
1996-97,371,-198,8
1996-97,371,66,236
1996-97,371,25,162
1996-97,371,99,223
1996-97,371,-231,28
1996-97,371,86,231
1996-97,371,-8,242
1996-97,371,-114,108
1996-97,371,0,0
1996-97,371,-231,88
1996-97,371,-207,108
1996-97,371,-172,-3
1996-97,371,-146,95
1996-97,371,0,0
1996-97,371,-101,149
1996-97,371,-127,214
1996-97,371,42,238
1996-97,371,97,205
1996-97,371,-231,-1
1996-97,371,-161,201
1996-97,371,75,155
1996-97,371,49,69
1996-97,371,-229,45
1996-97,371,-170,73
1996-97,371,-51,236
1996-97,371,-233,4
1996-97,371,-226,84
1996-97,371,-142,52
1996-97,371,-155,186
1996-97,371,75,246
1996-97,371,222,112
1996-97,371,-233,13
1996-97,371,-73,6
1996-97,371,-179,181
1996-97,371,60,142
1996-97,371,-164,186
1996-97,371,-101,227
1996-97,371,229,78
1996-97,371,-34,259
1996-97,371,-120,218
1996-97,371,-90,244
1996-97,371,51,164
1996-97,371,84,253
1996-97,371,-216,119
1996-97,371,-49,65
1996-97,371,-168,34
1996-97,371,-226,19
1996-97,371,123,123
1996-97,371,1,305
1996-97,371,62,244
1996-97,371,-133,142
1996-97,371,205,106
1996-97,371,-181,114
1996-97,371,216,65
1996-97,371,-218,71
1996-97,371,94,220
1996-97,371,-200,60
1996-97,371,-155,23
1996-97,371,0,0
1996-97,371,164,17
1996-97,371,216,101
1996-97,371,-229,-1
1996-97,371,-79,233
1996-97,371,166,166
1996-97,371,-55,240
1996-97,371,151,49
1996-97,371,-229,82
1996-97,371,-222,80
1996-97,371,0,0
1996-97,371,-25,240
1996-97,371,0,0
1996-97,371,-231,8
1996-97,371,-235,8
1996-97,371,-190,140
1996-97,371,-218,82
1996-97,371,25,246
1996-97,371,84,227
1996-97,371,-151,190
1996-97,371,-166,2
1996-97,371,94,229
1996-97,371,84,227
1996-97,371,216,114
1996-97,371,233,2
1996-97,371,-5,244
1996-97,371,-181,136
1996-97,371,14,244
1996-97,371,222,58
1996-97,371,1,78
1996-97,371,-118,-16
1996-97,371,149,210
1996-97,371,120,257
1996-97,371,-44,238
1996-97,371,-146,4
1996-97,371,-142,80
1996-97,371,94,110
1996-97,371,-135,108
1996-97,371,133,45
1996-97,371,-164,168
1996-97,371,-233,39
1996-97,371,-229,-22
1996-97,371,27,240
1996-97,371,170,13
1996-97,371,235,49
1996-97,371,-185,58
1996-97,371,-213,97
1996-97,371,45,259
1996-97,371,0,0
1996-97,371,-242,45
1996-97,371,-47,244
1996-97,371,190,0
1996-97,371,36,45
1996-97,371,-218,103
1996-97,371,55,231
1996-97,371,71,225
1996-97,371,-118,218
1996-97,371,0,0
1996-97,371,-235,30
1996-97,371,-211,103
1996-97,371,-235,39
1996-97,371,-179,75
1996-97,371,-53,244
1996-97,371,-101,145
1996-97,371,-40,240
1996-97,371,-77,233
1996-97,371,-198,160
1996-97,371,-170,-16
1996-97,371,-226,10
1996-97,371,-38,236
1996-97,371,27,251
1996-97,371,-120,114
1996-97,371,42,223
1996-97,371,-107,218
1996-97,371,-60,153
1996-97,371,237,4
1996-97,371,-96,36
1996-97,371,0,0
1996-97,371,-153,88
1996-97,371,34,231
1996-97,371,231,-5
1996-97,371,0,0
1996-97,371,-155,10
1996-97,371,131,214
1996-97,371,-8,80
1996-97,371,94,229
1996-97,371,-77,84
1996-97,371,-135,0
1996-97,371,-211,108
1996-97,371,-55,166
1996-97,371,0,0
1996-97,371,66,242
1996-97,371,0,0
1996-97,371,-207,121
1996-97,371,68,155
1996-97,371,86,225
1996-97,371,-159,0
1996-97,371,-23,249
1996-97,371,0,0
1996-97,371,-23,242
1996-97,371,-164,75
1996-97,371,0,0
1996-97,371,-157,184
1996-97,371,127,147
1996-97,371,42,238
1996-97,371,-222,103
1996-97,371,-44,82
1996-97,371,23,151
1996-97,371,-12,240
1996-97,371,14,240
1996-97,371,-187,0
1996-97,371,240,28
1996-97,371,-207,127
1996-97,371,-92,0
1996-97,371,3,225
1996-97,371,129,188
1996-97,371,-138,177
1996-97,371,-185,129
1996-97,371,-79,210
1996-97,371,101,199
1996-97,371,0,0
1996-97,371,-79,218
1996-97,371,-88,205
1996-97,371,0,0
1996-97,371,118,190
1996-97,371,-75,212
1996-97,371,-96,205
1996-97,371,-146,60
1996-97,371,120,186
1996-97,371,-226,39
1996-97,371,62,214
1996-97,371,127,17
1996-97,371,77,218
1996-97,371,10,474
1996-97,371,-75,240
1996-97,371,-196,147
1996-97,371,-179,62
1996-97,371,-233,56
1996-97,371,53,216
1996-97,371,198,116
1996-97,371,-77,264
1996-97,371,153,186
1996-97,371,-237,-7
1996-97,371,-181,181
1996-97,371,-112,-1
1996-97,371,-148,0
1996-97,371,-57,36
1996-97,371,-21,240
1996-97,371,101,149
1996-97,371,-92,240
1996-97,371,-153,175
1996-97,371,-99,47
1996-97,371,-88,203
1996-97,371,-27,28
1996-97,371,0,0
1996-97,371,-229,-9
1996-97,371,-40,223
1996-97,371,86,203
1996-97,371,-155,158
1996-97,371,201,121
1996-97,371,6,229
1996-97,371,0,231
1996-97,371,-90,212
1996-97,371,-190,142
1996-97,371,-21,229
1996-97,371,68,140
1996-97,371,-151,184
1996-97,371,166,168
1996-97,371,-120,67
1996-97,371,-203,2
1996-97,371,-192,-16
1996-97,371,0,0
1996-97,371,-1,240
1996-97,371,88,175
1996-97,371,107,207
1996-97,371,-36,236
1996-97,371,-12,34
1996-97,371,-229,71
1996-97,371,-153,8
1996-97,371,-235,-20
1996-97,371,-151,177
1996-97,371,103,214
1996-97,371,0,229
1996-97,371,1,236
1996-97,371,0,244
1996-97,371,-229,13
1996-97,371,-194,6
1996-97,371,-235,17
1996-97,371,-205,134
1996-97,371,0,0
1996-97,371,142,8
1996-97,371,-38,242
1996-97,371,-122,8
1996-97,371,-229,110
1996-97,371,0,0
1996-97,371,-235,-12
1996-97,371,-116,251
1996-97,371,-183,151
1996-97,371,-185,192
1996-97,371,-231,32
1996-97,371,-164,210
1996-97,371,-229,99
1996-97,371,149,229
1996-97,371,45,155
1996-97,371,0,0
1996-97,371,27,153
1996-97,371,231,62
1996-97,371,-44,246
1996-97,371,0,0
1996-97,371,42,188
1996-97,371,-233,15
1996-97,371,-131,125
1996-97,371,146,4
1996-97,371,0,0
1996-97,371,-224,78
1996-97,371,-159,177
1996-97,371,-159,43
1996-97,371,-194,-1
1996-97,371,-179,49
1996-97,371,47,264
1996-97,371,-135,197
1996-97,371,0,0
1996-97,371,-177,60
1996-97,371,6,73
1996-97,371,110,210
1996-97,371,-118,162
1996-97,371,58,65
1996-97,371,0,0
1996-97,371,1,240
1996-97,371,40,242
1996-97,371,-237,-1
1996-97,371,38,249
1996-97,371,-129,30
1996-97,371,-68,249
1996-97,371,198,138
1996-97,371,-62,296
1996-97,371,-226,97
1996-97,371,0,0
1996-97,371,0,0
1996-97,371,-103,233
1996-97,371,-83,251
1996-97,371,79,231
1996-97,371,-8,238
1996-97,371,-135,97
1996-97,371,166,34
1996-97,371,177,166
1996-97,371,-185,149
1996-97,371,123,190
1996-97,371,142,175
1996-97,371,-66,-1
1996-97,371,-47,32
1996-97,371,73,17
1996-97,371,55,13
1996-97,371,0,0
1996-97,371,-3,41
1996-97,371,71,242
1996-97,371,90,28
1996-97,371,-88,78
1996-97,371,-81,229
1996-97,371,38,242
1996-97,371,-181,15
1996-97,371,-86,233
1996-97,371,0,0
1996-97,371,-170,140
1996-97,371,0,0
1996-97,371,231,-33
1996-97,371,-16,238
1996-97,371,0,0
1996-97,371,220,36
1996-97,371,-216,418
1996-97,371,-161,162
1996-97,371,-218,93
1996-97,371,-229,52
1996-97,371,-86,132
1996-97,371,-181,151
1996-97,371,0,0
1996-97,371,136,188
1996-97,371,-77,28
1996-97,371,-90,34
1996-97,371,-200,108
1996-97,371,162,231
1996-97,371,0,0
1996-97,371,-224,15
1996-97,371,0,0
1996-97,371,-204,0
1996-97,371,-116,212
1996-97,371,164,15
1996-97,371,-161,6
1996-97,371,-157,0
1996-97,371,25,125
1996-97,371,-198,147
1996-97,371,-58,198
1996-97,371,-172,197
1996-97,371,27,125
1996-97,371,-159,168
1996-97,371,-70,36
1996-97,371,34,242
1996-97,371,-159,179
1996-97,371,-164,184
1996-97,371,0,0
1996-97,371,-181,21
1996-97,371,-229,58
1996-97,371,-112,26
1996-97,371,-203,149
1996-97,371,-170,179
1996-97,371,-12,236
1996-97,371,-218,108
1996-97,371,-170,30
1996-97,371,0,0
1996-97,371,153,184
1996-97,371,222,62
1996-97,371,92,138
1996-97,371,73,229
1996-97,371,-179,173
1996-97,371,-190,-3
1996-97,371,-211,114
1996-97,371,183,-29
1996-97,371,0,0
1996-97,371,-105,197
1996-97,371,-18,36
1996-97,371,198,121
1996-97,371,-138,47
1996-97,371,-174,149
1996-97,371,16,246
1996-97,371,118,218
1996-97,371,32,244
1996-97,371,16,253
1996-97,371,207,119
1996-97,371,-231,4
1996-97,371,0,0
1996-97,371,-3,238
1996-97,371,88,229
1996-97,371,-147,144
1996-97,371,131,205
1996-97,371,-185,584
1996-97,371,-157,-42
1996-97,371,-114,223
1996-97,371,0,0
1996-97,371,-131,199
1996-97,371,0,0
1996-97,371,-216,116
1996-97,371,-233,34
1996-97,371,-68,238
1996-97,371,-226,21
1996-97,371,77,238
1996-97,371,-151,186
1996-97,371,170,177
1996-97,371,-118,223
1996-97,371,-233,56
1996-97,371,-148,0
1996-97,371,-122,199
1996-97,371,-70,67
1996-97,371,231,0
1996-97,371,8,233
1996-97,371,-155,155
1996-97,371,14,244
1996-97,371,-53,175
1996-97,371,0,0
1996-97,371,-174,168
1996-97,371,38,229
1996-97,371,-229,-9
1996-97,371,-151,190
1996-97,371,64,220
1996-97,371,144,179
1996-97,371,-133,67
1996-97,371,-23,67
1996-97,371,47,249
1996-97,371,203,125
1996-97,371,6,246
1996-97,371,12,229
1996-97,371,103,45
1996-97,371,-239,28
1996-97,371,0,233
1996-97,371,164,-9
1996-97,371,-161,181
1996-97,371,205,90
1996-97,371,-170,175
1996-97,371,-198,121
1996-97,371,142,41
1996-97,371,218,108
1996-97,371,-10,255
1996-97,371,-101,88
1996-97,371,231,28
1996-97,371,235,13
1996-97,371,58,32
1996-97,371,-116,28
1996-97,371,-64,13
1996-97,371,-159,65
1996-97,371,0,0
1996-97,371,-21,244
1996-97,371,-231,30
1996-97,371,-127,-1
1996-97,371,-229,75
1996-97,371,-81,227
1996-97,371,159,184
1996-97,371,129,13
1996-97,371,0,0
1996-97,371,0,0
1996-97,371,168,158
1996-97,371,6,231
1996-97,371,90,45
1996-97,371,131,253
1996-97,371,-140,184
1996-97,371,-105,52
1996-97,371,75,19
1996-97,371,-239,-7
1996-97,371,-148,43
1996-97,371,114,-1
1996-97,371,0,0
1996-97,371,0,0
1996-97,371,116,207
1996-97,371,-155,41
1996-97,371,-172,36
1996-97,371,-112,214
1996-97,371,-47,236
1996-97,371,1,227
1996-97,371,-151,19
1996-97,371,131,181
1996-97,371,47,23
1996-97,371,-166,186
1996-97,371,-125,32
1996-97,371,-142,8
1996-97,371,-109,218
1996-97,371,-73,155
1996-97,371,-229,60
1996-97,371,-229,62
1996-97,371,101,212
1996-97,371,-233,23
1996-97,371,-179,19
1996-97,371,-73,36
1996-97,371,-42,242
1996-97,371,155,181
1996-97,371,0,0
1996-97,371,-116,205
1996-97,371,0,0
1996-97,371,-75,26
1996-97,371,-99,-1
1996-97,371,47,242
1996-97,371,209,114
1996-97,371,175,149
1996-97,371,-31,62
1996-97,371,-127,-1
1996-97,371,-138,192
1996-97,371,-116,205
1996-97,371,94,203
1996-97,371,-231,101
1996-97,371,1,69
1996-97,371,62,52
1996-97,371,-112,210
1996-97,371,-239,43
1996-97,371,-185,-12
1996-97,371,-94,36
1996-97,371,0,49
1996-97,371,10,251
1996-97,371,0,0
1996-97,371,-148,188
1996-97,371,14,242
1996-97,371,-211,101
1996-97,371,97,58
1996-97,371,-135,36
1996-97,371,-142,181
1996-97,371,-92,21
1996-97,371,-196,129
1996-97,371,-179,149
1996-97,371,0,0
1996-97,371,-157,158
1996-97,371,58,218
1996-97,371,120,192
1996-97,371,-151,175
1996-97,371,-148,201
1996-97,371,-192,145
1996-97,371,21,17
1996-97,371,0,0
1996-97,371,0,0
1996-97,371,112,6
1996-97,371,25,45
1996-97,371,0,0
1996-97,371,45,223
1996-97,371,153,-1
1996-97,371,235,15
1996-97,371,-237,26
1996-97,371,-133,194
1996-97,371,218,62
1996-97,371,-105,212
1996-97,371,-60,75
1996-97,371,-75,216
1996-97,371,-235,2
1996-97,371,-99,0
1996-97,371,-68,32
1996-97,371,-31,43
1996-97,371,58,-5
1996-97,371,151,166
1996-97,371,53,52
1996-97,371,118,190
1996-97,371,157,175
1996-97,371,0,82
1996-97,371,77,4
1996-97,371,51,2
1996-97,371,-231,-16
1996-97,371,0,0
1996-97,371,1,43
1996-97,371,6,39
1996-97,371,-159,69
1996-97,371,55,151
1996-97,371,92,207
1996-97,371,214,99
1996-97,371,-44,244
1996-97,371,127,199
1996-97,371,-129,13
1996-97,371,-187,164
1996-97,371,-68,238
1996-97,371,-239,-5
1996-97,371,-200,134
1996-97,371,-172,56
1996-97,371,-31,246
1996-97,371,205,110
1996-97,371,62,233
1996-97,371,0,0
1996-97,371,75,238
1996-97,371,55,236
1996-97,371,166,550
1996-97,371,-235,-7
1996-97,371,-203,116
1996-97,371,-159,2
1996-97,371,-138,45
1996-97,371,0,0
1996-97,371,103,216
1996-97,371,-164,2
1996-97,371,-148,32
1996-97,371,-172,6
1996-97,371,1,244
1996-97,371,-203,-5
1996-97,371,0,0
1996-97,371,0,0
1996-97,371,-170,-3
1996-97,371,-153,186
1996-97,371,58,236
1996-97,371,-187,147
1996-97,371,-157,175
1996-97,371,-118,36
1996-97,371,-183,162
1996-97,371,-168,108
1996-97,371,-64,225
1996-97,371,-55,240
1996-97,371,149,190
1996-97,371,-161,164
1996-97,371,-216,106
1996-97,371,-66,80
1996-97,371,-135,207
1996-97,371,-86,218
1996-97,371,-8,283
1996-97,896,170,162
1996-97,896,-70,253
1996-97,896,0,0
1996-97,896,168,108
1996-97,896,123,205
1996-97,896,159,177
1996-97,896,88,214
1996-97,896,-138,188
1996-97,896,237,6
1996-97,896,-94,134
1996-97,896,172,168
1996-97,896,97,86
1996-97,896,-81,233
1996-97,896,-92,223
1996-97,896,-122,123
1996-97,896,0,0
1996-97,896,118,403
1996-97,896,-10,249
1996-97,896,-10,249
1996-97,896,0,0
1996-97,896,97,153
1996-97,896,-112,218
1996-97,896,-135,123
1996-97,896,-120,203
1996-97,896,-79,231
1996-97,896,-144,190
1996-97,896,-222,60
1996-97,896,75,56
1996-97,896,-140,158
1996-97,896,-151,108
1996-97,896,0,0
1996-97,896,-170,177
1996-97,896,-46,42
1996-97,896,10,197
1996-97,896,183,155
1996-97,896,14,149
1996-97,896,-144,190
1996-97,896,0,0
1996-97,896,149,179
1996-97,896,136,201
1996-97,896,179,82
1996-97,896,149,194
1996-97,896,-99,145
1996-97,896,77,15
1996-97,896,73,28
1996-97,896,-109,160
1996-97,896,-64,26
1996-97,896,129,6
1996-97,896,0,0
1996-97,896,0,0
1996-97,896,84,229
1996-97,896,77,49
1996-97,896,53,160
1996-97,896,105,158
1996-97,896,-105,168
1996-97,896,0,0
1996-97,896,-105,220
1996-97,896,92,140
1996-97,896,142,10
1996-97,896,-194,132
1996-97,896,-148,177
1996-97,896,-38,23
1996-97,896,-5,65
1996-97,896,38,6
1996-97,896,55,73
1996-97,896,6,695
1996-97,896,114,205
1996-97,896,140,197
1996-97,896,10,-1
1996-97,896,77,65
1996-97,896,23,10
1996-97,896,8,6
1996-97,896,-23,2
1996-97,896,-21,244
1996-97,896,-29,69
1996-97,896,-112,210
1996-97,896,-79,21
1996-97,896,-181,190
1996-97,896,-200,123
1996-97,896,0,0
1996-97,896,0,0
1996-97,896,38,8
1996-97,896,-40,32
1996-97,896,-207,108
1996-97,896,229,4
1996-97,896,0,0
1996-97,896,68,23
1996-97,896,185,151
1996-97,896,114,78
1996-97,896,-235,26
1996-97,896,1,238
1996-97,896,64,19
1996-97,896,0,0
1996-97,896,0,0
1996-97,896,51,168
1996-97,896,-107,17
1996-97,896,-109,160
1996-97,896,-21,90
1996-97,896,36,49
1996-97,896,129,194
1996-97,896,0,0
1996-97,896,-213,106
1996-97,896,92,47
1996-97,896,-1,233
1996-97,896,-16,233
1996-97,896,0,93
1996-97,896,-105,227
1996-97,896,0,0
1996-97,896,0,0
1996-97,896,-170,192
1996-97,896,0,0
1996-97,896,-164,171
1996-97,896,0,0
1996-97,896,0,0
1996-97,896,-138,199
1996-97,896,140,34
1996-97,896,-224,39
1996-97,896,159,199
1996-97,896,125,361
1996-97,896,-122,205
1996-97,896,-23,231
1996-97,896,162,71
1996-97,896,0,0
1996-97,896,-77,231
1996-97,896,-12,238
1996-97,896,0,0
1996-97,896,-12,184
1996-97,896,92,207
1996-97,896,-44,88
1996-97,896,-36,10
1996-97,896,0,0
1996-97,896,-79,43
1996-97,896,-68,0
1996-97,896,-131,190
1996-97,896,-164,153
1996-97,896,0,0
1996-97,896,-187,134
1996-97,896,133,19
1996-97,896,71,6
1996-97,896,0,0
1996-97,896,-135,2
1996-97,896,0,0
1996-97,896,166,43
1996-97,896,77,19
1996-97,896,81,23
1996-97,896,77,218
1996-97,896,-88,210
1996-97,896,88,45
1996-97,896,88,224
1996-97,896,0,0
1996-97,896,0,0
1996-97,896,6,266
1996-97,896,0,0
1996-97,896,-101,65
1996-97,896,0,0
1996-97,896,166,199
1996-97,896,0,0
1996-97,896,105,398
1996-97,896,81,218
1996-97,896,162,199
1996-97,896,-216,101
1996-97,896,-1,65
1996-97,896,23,238
1996-97,896,-168,-7
1996-97,896,0,0
1996-97,896,183,173
1996-97,896,-99,90
1996-97,896,155,129
1996-97,896,0,0
1996-97,896,162,173
1996-97,896,-205,136
1996-97,896,138,110
1996-97,896,-233,-5
1996-97,896,0,0
1996-97,896,0,0
1996-97,896,-94,214
1996-97,896,-79,227
1996-97,896,0,0
1996-97,896,-112,155
1996-97,896,0,0
1996-97,896,-88,192
1996-97,896,-129,84
1996-97,896,-112,106
1996-97,896,162,268
1996-97,896,-64,242
1996-97,896,0,0
1996-97,896,71,13
1996-97,896,-70,220
1996-97,896,0,0
1996-97,896,-68,186
1996-97,896,-31,238
1996-97,896,14,220
1996-97,896,151,93
1996-97,896,-14,82
1996-97,896,-49,392
1996-97,896,-161,127
1996-97,896,-120,10
1996-97,896,0,0
1996-97,896,-213,90
1996-97,896,-101,151
1996-97,896,-122,149
1996-97,896,-170,69
1996-97,896,-21,223
1996-97,896,0,0
1996-97,896,-44,225
1996-97,896,-172,155
1996-97,896,0,0
1996-97,896,-53,36
1996-97,896,0,0
1996-97,896,-144,15
1996-97,896,0,0
1996-97,896,38,236
1996-97,896,25,67
1996-97,896,-23,60
1996-97,896,0,0
1996-97,896,-21,194
1996-97,896,-205,147
1996-97,896,-192,132
1996-97,896,79,142
1996-97,896,38,184
1996-97,896,-29,88
1996-97,896,84,212
1996-97,896,3,36
1996-97,896,53,249
1996-97,896,123,101
1996-97,896,125,205
1996-97,896,-159,15
1996-97,896,146,114
1996-97,896,0,0
1996-97,896,0,0
1996-97,896,-101,26
1996-97,896,120,86
1996-97,896,0,0
1996-97,896,-70,8
1996-97,896,-105,153
1996-97,896,81,10
1996-97,896,-81,220
1996-97,896,-96,58
1996-97,896,-125,305
1996-97,896,-120,192
1996-97,896,-157,177
1996-97,896,-135,-18
1996-97,896,49,227
1996-97,896,99,151
1996-97,896,-92,-5
1996-97,896,99,136
1996-97,896,-183,140
1996-97,896,144,123
1996-97,896,168,179
1996-97,896,-159,214
1996-97,896,142,190
1996-97,896,0,0
1996-97,896,107,194
1996-97,896,84,2
1996-97,896,0,0
1996-97,896,231,-16
1996-97,896,-179,147
1996-97,896,-159,60
1996-97,896,34,6
1996-97,896,-73,8
1996-97,896,0,0
1996-97,896,-109,147
1996-97,896,73,214
1996-97,896,-226,28
1996-97,896,196,116
1996-97,896,-187,171
1996-97,896,0,0
1996-97,896,0,0
1996-97,896,-185,67
1996-97,896,-229,41
1996-97,896,-151,125
1996-97,896,-200,119
1996-97,896,0,0
1996-97,896,-135,197
1996-97,896,188,19
1996-97,896,0,0
1996-97,896,-94,88
1996-97,896,-164,168
1996-97,896,0,0
1996-97,896,23,240
1996-97,896,66,-7
1996-97,896,209,93
1996-97,896,0,0
1996-97,896,-57,6
1996-97,896,172,56
1996-97,896,177,155
1996-97,896,155,82
1996-97,896,12,52
1996-97,896,55,39
1996-97,896,-114,155
1996-97,896,0,0
1996-97,896,166,160
1996-97,896,110,26
1996-97,896,60,225
1996-97,896,0,236
1996-97,896,0,0
1996-97,896,-109,43
1996-97,896,-133,93
1996-97,896,-86,214
1996-97,896,0,0
1996-97,896,-120,201
1996-97,896,149,106
1996-97,896,129,186
1996-97,896,0,231
1996-97,896,142,188
1996-97,896,155,166
1996-97,896,-138,97
1996-97,896,127,194
1996-97,896,-1,54
1996-97,896,-10,54
1996-97,896,-209,95
1996-97,896,-8,229
1996-97,896,-8,62
1996-97,896,-42,47
1996-97,896,101,203
1996-97,896,0,0
1996-97,896,0,0
1996-97,896,0,0
1996-97,896,103,52
1996-97,896,-12,242
1996-97,896,-103,71
1996-97,896,10,47
1996-97,896,0,0
1996-97,896,-42,255
1996-97,896,0,0
1996-97,896,0,0
1996-97,896,0,0
1996-97,896,0,0
1996-97,896,131,30
1996-97,896,-164,175
1996-97,896,0,0
1996-97,896,146,112
1996-97,896,-1,39
1996-97,896,-10,255
1996-97,896,181,184
1996-97,896,0,0
1996-97,896,149,101
1996-97,896,-92,214
1996-97,896,-73,41
1996-97,896,-187,60
1996-97,896,40,227
1996-97,896,151,173
1996-97,896,53,6
1996-97,896,201,132
1996-97,896,-129,73
1996-97,896,231,-14
1996-97,896,0,0
1996-97,896,-16,73
1996-97,896,0,0
1996-97,896,-203,134
1996-97,896,47,153
1996-97,896,0,0
1996-97,896,-90,212
1996-97,896,94,28
1996-97,896,55,17
1996-97,896,164,158
1996-97,896,0,0
1996-97,896,0,0
1996-97,896,0,0
1996-97,896,-1,54
1996-97,896,0,0
1996-97,896,-36,39
1996-97,896,-174,162
1996-97,896,0,0
1996-97,896,14,188
1996-97,896,6,242
1996-97,896,-1,41
1996-97,896,-166,162
1996-97,896,8,62
1996-97,896,0,0
1996-97,896,0,0
1996-97,896,-135,116
1996-97,896,0,0
1996-97,896,140,194
1996-97,896,47,26
1996-97,896,58,225
1996-97,896,16,179
1996-97,896,14,78
1996-97,896,-92,225
1996-97,896,0,0
1996-97,896,3,266
1996-97,896,224,21
1996-97,896,0,0
1996-97,896,0,0
1996-97,896,-174,168
1996-97,896,-55,229
1996-97,896,81,227
1996-97,896,94,21
1996-97,896,-94,216
1996-97,896,10,160
1996-97,896,-42,207
1996-97,896,-235,65
1996-97,896,-36,34
1996-97,896,-112,151
1996-97,896,127,69
1996-97,896,0,0
1996-97,896,-164,56
1996-97,896,79,26
1996-97,896,-70,223
1996-97,896,0,0
1996-97,896,-179,155
1996-97,896,-107,203
1996-97,896,-25,95
1996-97,896,-25,52
1996-97,896,-135,30
1996-97,896,0,0
1996-97,896,-8,71
1996-97,896,-198,145
1996-97,896,0,0
1996-97,896,-12,244
1996-97,896,73,160
1996-97,896,-23,233
1996-97,896,0,0
1996-97,896,-127,162
1996-97,896,-70,223
1996-97,896,0,0
1996-97,896,0,0
1996-97,896,-105,201
1996-97,896,-88,184
1996-97,896,0,0
1996-97,896,133,145
1996-97,896,0,0
1996-97,896,0,0
1996-97,896,0,0
1996-97,896,0,0
1996-97,896,0,0
1996-97,896,-168,-40
1996-97,896,0,0
1996-97,896,-142,129
1996-97,896,0,0
1996-97,896,-131,177
1996-97,896,144,-35
1996-97,896,0,0
1996-97,896,0,0
1996-97,896,0,0
1996-97,896,0,0
1996-97,896,0,0
1996-97,896,0,0
1996-97,896,183,125
1996-97,896,136,-38
1996-97,896,0,0
1996-97,896,0,0
1996-97,896,0,0
1996-97,896,-99,149
1996-97,896,58,251
1996-97,896,0,0
1996-97,896,94,-18
1996-97,896,151,190
1996-97,896,-55,227
1996-97,896,-118,-16
1996-97,896,-155,112
1996-97,896,-170,201
1996-97,896,-62,246
1996-97,896,-36,257
1996-97,896,190,-20
1996-97,896,0,0
1996-97,896,-25,106
1996-97,896,209,110
1996-97,896,-179,54
1996-97,896,0,0
1996-97,896,222,80
1996-97,896,-18,188
1996-97,896,0,0
1996-97,896,-86,231
1996-97,896,0,0
1996-97,896,-90,10
1996-97,896,-122,223
1996-97,896,0,0
1996-97,896,-107,136
1996-97,896,205,110
1996-97,896,0,0
1996-97,896,8,179
1996-97,896,201,110
1996-97,896,-53,67
1996-97,896,-200,-9
1996-97,896,-177,155
1996-97,896,177,60
1996-97,896,29,229
1996-97,896,0,0
1996-97,896,0,0
1996-97,896,-159,171
1996-97,896,-86,194
1996-97,896,-92,220
1996-97,896,58,67
1996-97,896,-170,164
1996-97,896,0,0
1996-97,896,-153,166
1996-97,896,-36,233
1996-97,896,-3,567
1996-97,896,0,0
1996-97,896,0,0
1996-97,896,0,0
1996-97,896,-140,186
1996-97,896,0,0
1996-97,896,-60,34
1996-97,896,25,194
1996-97,896,88,-14
1996-97,896,155,346
1996-97,896,198,361
1996-97,896,-34,17
1996-97,896,64,108
1996-97,896,0,0
1996-97,896,-75,177
1996-97,896,0,0
1996-97,896,84,236
1996-97,896,-40,227
1996-97,896,-92,223
1996-97,896,-99,15
1996-97,896,-36,2
1996-97,896,8,32
1996-97,896,0,0
1996-97,896,149,171
1996-97,896,0,0
1996-97,896,-70,214
1996-97,896,-66,36
1996-97,896,235,116
1996-97,896,23,21
1996-97,896,168,158
1996-97,896,-109,210
1996-97,896,0,0
1996-97,896,51,15
1996-97,896,-70,2
1996-97,896,-1,142
1996-97,896,60,69
1996-97,896,0,0
1996-97,896,55,19
1996-97,896,-51,231
1996-97,896,133,151
1996-97,896,-53,-3
1996-97,896,-151,166
1996-97,896,71,214
1996-97,896,146,168
1996-97,896,47,23
1996-97,896,-133,181
1996-97,896,58,125
1996-97,896,1,26
1996-97,896,-181,140
1996-97,896,-49,21
1996-97,896,51,218
1996-97,896,0,0
1996-97,896,-47,188
1996-97,896,62,231
1996-97,896,27,175
1996-97,896,-155,-7
1996-97,896,-83,45
1996-97,896,-64,119
1996-97,896,0,0
1996-97,896,94,71
1996-97,896,-51,249
1996-97,896,0,0
1996-97,896,220,43
1996-97,896,-146,197
1996-97,896,-101,220
1996-97,896,105,227
1996-97,896,-3,197
1996-97,896,164,177
1996-97,896,0,0
1996-97,896,79,0
1996-97,896,0,0
1996-97,896,-27,32
1996-97,896,-18,255
1996-97,896,94,220
1996-97,896,0,0
1996-97,896,71,21
1996-97,896,116,194
1996-97,896,-23,21
1996-97,896,0,0
1996-97,896,-131,199
1996-97,896,0,0
1996-97,896,51,225
1996-97,896,-109,15
1996-97,896,0,0
1996-97,896,-60,153
1996-97,896,-159,179
1996-97,896,175,149
1996-97,896,81,216
1996-97,896,188,39
1996-97,896,0,0
1996-97,896,125,108
1996-97,896,0,0
1996-97,896,0,0
1996-97,896,-196,136
1996-97,896,168,65
1996-97,896,0,0
1996-97,896,49,225
1996-97,896,222,45
1996-97,896,-101,216
1996-97,896,-220,103
1996-97,896,0,0
1996-97,896,229,10
1996-97,896,62,229
1996-97,896,0,0
1996-97,896,0,0
1996-97,896,155,-18
1996-97,896,118,123
1996-97,896,-159,188
1996-97,896,211,121
1996-97,896,-196,138
1996-97,896,0,0
1996-97,896,0,0
1996-97,896,149,93
1996-97,896,242,90
1996-97,896,194,136
1996-97,896,0,0
1996-97,896,0,0
1996-97,896,-190,-3
1996-97,896,123,236
1996-97,896,0,0
1996-97,896,-1,173
1996-97,896,3,142
1996-97,896,0,0
1996-97,896,114,155
1996-97,896,0,0
1996-97,896,-205,123
1996-97,896,47,188
1996-97,896,-27,49
1996-97,896,157,203
1996-97,896,0,0
1996-97,896,0,0
1996-97,896,3,97
1996-97,896,66,223
1996-97,896,131,-9
1996-97,896,-181,138
1996-97,896,10,52
1996-97,896,114,210
1996-97,896,0,58
1996-97,896,-157,173
1996-97,896,-92,212
1996-97,896,-27,227
1996-97,896,0,0
1996-97,896,157,177
1996-97,896,14,54
1996-97,896,64,4
1996-97,896,-22,259
1996-97,896,-66,26
1996-97,896,0,0
1996-97,896,140,110
1996-97,896,16,41
1996-97,896,123,197
1996-97,896,-73,231
1996-97,896,0,0
1996-97,896,-205,121
1996-97,896,-94,6
1996-97,896,14,47
1996-97,896,3,233
1996-97,896,129,188
1996-97,896,1,45
1996-97,896,0,0
1996-97,896,101,201
1996-97,896,-166,2
1996-97,896,-49,216
1996-97,896,-120,164
1996-97,896,0,0
1996-97,896,0,0
1996-97,896,-146,175
1996-97,896,0,0
1996-97,896,-138,188
1996-97,896,-49,108
1996-97,896,103,134
1996-97,896,-112,17
1996-97,896,25,54
1996-97,896,73,216
1996-97,896,123,151
1996-97,896,125,197
1996-97,896,103,86
1996-97,896,120,26
1996-97,896,0,0
1996-97,896,-138,192
1996-97,896,1,615
1996-97,896,0,0
1996-97,896,75,8
1996-97,896,60,227
1996-97,896,188,147
1996-97,896,123,10
1996-97,896,105,116
1996-97,896,0,0
1996-97,896,-129,114
1996-97,896,170,218
1996-97,896,203,138
1996-97,896,25,244
1996-97,896,34,-3
1996-97,896,14,168
1996-97,896,25,240
1996-97,896,110,4
1996-97,896,-1,39
1996-97,896,-153,175
1996-97,896,68,158
1996-97,896,0,0
1996-97,896,-1,82
1996-97,896,64,238
1996-97,896,110,212
1996-97,896,101,201
1996-97,896,218,78
1996-97,896,0,0
1996-97,896,-153,166
1996-97,896,172,155
1996-97,896,-168,168
1996-97,896,179,23
1996-97,896,97,15
1996-97,896,120,203
1996-97,896,159,166
1996-97,896,0,0
1996-97,896,71,212
1996-97,896,12,151
1996-97,896,64,49
1996-97,896,-73,149
1996-97,896,0,108
1996-97,896,-32,231
1996-97,896,-51,8
1996-97,896,159,174
1996-97,896,173,144
1996-97,896,127,62
1996-97,896,-176,151
1996-97,896,125,-3
1996-97,896,-131,54
1996-97,896,103,392
1996-97,896,-99,110
1996-97,896,0,0
1996-97,896,127,132
1996-97,896,-114,205
1996-97,896,-29,65
1996-97,896,-3,186
1996-97,896,0,0
1996-97,896,0,0
1996-97,896,-144,188
1996-97,896,0,0
1996-97,896,-83,52
1996-97,896,-70,2
1996-97,896,29,238
1996-97,896,10,229
1996-97,896,-83,155
1996-97,896,-1,207
1996-97,896,-213,119
1996-97,896,0,0
1996-97,896,0,0
1996-97,896,0,0
1996-97,896,183,155
1996-97,896,-5,262
1996-97,896,0,0
1996-97,896,-77,173
1996-97,896,53,233
1996-97,896,177,160
1996-97,896,-153,186
1996-97,896,-231,86
1996-97,896,164,168
1996-97,896,-131,-7
1996-97,896,-157,179
1996-97,896,0,0
1996-97,896,64,244
1996-97,896,214,73
1996-97,896,-60,2
1996-97,896,-96,97
1996-97,896,-177,164
1996-97,896,0,0
1996-97,896,90,214
1996-97,896,103,147
1996-97,896,0,0
1996-97,896,-55,2
1996-97,896,-14,192
1996-97,896,-120,15
1996-97,896,88,225
1996-97,896,196,106
1996-97,896,-12,58
1996-97,896,0,0
1996-97,896,-1,539
1996-97,896,84,238
1996-97,896,120,188
1996-97,896,185,145
1996-97,896,120,201
1996-97,896,0,0
1996-97,896,-170,153
1996-97,896,170,162
1996-97,896,0,0
1996-97,896,127,97
1996-97,896,86,-3
1996-97,896,164,162
1996-97,896,-190,136
1996-97,896,-133,112
1996-97,896,198,-3
1996-97,896,0,0
1996-97,896,-79,34
1996-97,896,-157,216
1996-97,896,0,0
1996-97,896,-125,199
1996-97,896,155,101
1996-97,896,64,23
1996-97,896,66,90
1996-97,896,14,231
1996-97,896,47,236
1996-97,896,0,0
1996-97,896,-168,162
1996-97,896,0,0
1996-97,896,12,188
1996-97,896,25,233
1996-97,896,162,-7
1996-97,896,0,45
1996-97,896,42,227
1996-97,896,-114,108
1996-97,896,166,151
1996-97,896,-81,216
1996-97,896,-40,6
1996-97,896,209,88
1996-97,896,94,220
1996-97,896,-231,-14
1996-97,896,-47,41
1996-97,896,179,142
1996-97,896,-47,231
1996-97,896,194,602
1996-97,896,79,4
1996-97,896,136,201
1996-97,896,-135,190
1996-97,896,-18,123
1996-97,896,-177,175
1996-97,896,0,0
1996-97,896,-190,194
1996-97,896,-3,149
1996-97,896,0,0
1996-97,896,0,0
1996-97,896,8,270
1996-97,896,-44,249
1996-97,896,-25,190
1996-97,896,79,249
1996-97,896,-170,-7
1996-97,896,0,0
1996-97,896,0,0
1996-97,896,0,0
1996-97,896,0,0
1996-97,896,177,199
1996-97,896,-5,186
1996-97,896,-16,249
1996-97,896,185,162
1996-97,896,162,207
1996-97,896,-116,142
1996-97,896,97,227
1996-97,896,0,0
1996-97,896,133,203
1996-97,896,90,227
1996-97,896,-205,54
1996-97,896,0,0
1996-97,896,-100,85
1996-97,896,97,218
1996-97,896,-14,249
1996-97,896,0,0
1996-97,896,55,251
1996-97,896,0,0
1996-97,896,0,0
1996-97,896,94,127
1996-97,896,0,0
1996-97,896,105,173
1996-97,896,86,168
1996-97,896,36,279
1996-97,896,-90,233
1996-97,896,-155,203
1996-97,896,6,71
1996-97,896,127,214
1996-97,896,107,171
1996-97,896,77,56
1996-97,896,0,0
1996-97,896,-135,186
1996-97,896,-183,145
1996-97,896,10,103
1996-97,896,94,6
1996-97,896,73,4
1996-97,896,-198,160
1996-97,896,0,0
1996-97,896,-133,188
1996-97,896,42,359
1996-97,896,-25,39
1996-97,896,0,0
1996-97,896,-90,210
1996-97,896,-114,194
1996-97,896,-88,132
1996-97,896,6,62
1996-97,896,6,45
1996-97,896,73,28
1996-97,896,-88,145
1996-97,896,-51,220
1996-97,896,123,140
1996-97,896,-75,26
1996-97,896,-170,153
1996-97,896,170,103
1996-97,896,-94,-5
1996-97,896,32,179
1996-97,896,12,86
1996-97,896,55,229
1996-97,896,-3,73
1996-97,896,75,216
1996-97,896,75,6
1996-97,896,112,123
1996-97,896,79,41
1996-97,896,-131,99
1996-97,896,-1,125
1996-97,896,75,121
1996-97,896,-8,188
1996-97,896,-190,134
1996-97,896,0,223
1996-97,896,0,0
1996-97,896,73,214
1996-97,896,146,216
1996-97,896,153,181
1996-97,896,-109,-14
1996-97,896,-5,39
1996-97,896,0,0
1996-97,896,-12,225
1996-97,896,-231,-27
1996-97,896,0,0
1996-97,896,164,158
1996-97,896,-187,129
1996-97,896,-114,205
1996-97,896,-153,171
1996-97,896,-90,10
1996-97,896,-146,181
1996-97,896,-194,116
1996-97,896,112,-3
1996-97,896,116,-3
1996-97,896,229,-14
1996-97,896,231,23
1996-97,896,151,0
1996-97,896,216,69
1996-97,896,-181,147
1996-97,896,188,138
1996-97,896,0,0
1996-97,896,-172,155
1996-97,896,190,116
1996-97,896,114,389
1996-97,896,-105,6
1996-97,896,211,125
1996-97,896,45,41
1996-97,896,-166,78
1996-97,896,-34,34
1996-97,896,-75,8
1996-97,896,-25,90
1996-97,896,0,0
1996-97,896,190,21
1996-97,896,162,106
1996-97,896,73,387
1996-97,896,-185,129
1996-97,896,45,32
1996-97,896,25,238
1996-97,896,-105,43
1996-97,896,0,0
1996-97,896,-112,47
1996-97,896,105,19
1996-97,896,-138,201
1996-97,896,112,21
1996-97,896,-224,108
1996-97,896,118,45
1996-97,896,162,15
1996-97,896,-68,236
1996-97,896,-133,132
1996-97,896,101,54
1996-97,896,-86,134
1996-97,896,233,19
1996-97,896,-53,231
1996-97,896,-170,188
1996-97,896,8,259
1996-97,896,21,242
1996-97,896,107,218
1996-97,896,-155,43
1996-97,896,3,73
1996-97,896,168,160
1996-97,896,118,121
1996-97,896,-44,17
1996-97,896,-116,201
1996-97,896,162,84
1996-97,896,0,0
1996-97,896,-138,177
1996-97,896,25,233
1996-97,896,47,0
1996-97,896,77,86
1996-97,896,0,0
1996-97,896,71,10
1996-97,896,51,236
1996-97,896,179,173
1996-97,896,0,0
1996-97,896,68,30
1996-97,896,-235,0
1996-97,896,-155,177
1996-97,896,0,0
1996-97,896,36,60
1996-97,896,0,0
1996-97,896,-166,-27
1996-97,896,242,10
1996-97,896,0,0
1996-97,896,0,0
1996-97,896,45,78
1996-97,896,62,236
1996-97,896,201,151
1996-97,896,123,147
1996-97,896,-231,26
1996-97,896,0,0
1996-97,896,-138,78
1996-97,896,-14,240
1996-97,896,207,158
1996-97,896,51,240
1996-97,896,-194,-18
1996-97,896,0,0
1996-97,896,116,227
1996-97,896,-120,218
1996-97,896,0,0
1996-97,896,0,0
1996-97,896,-107,229
1996-97,896,49,233
1996-97,896,125,101
1996-97,896,-34,240
1996-97,896,0,0
1996-97,896,0,0
1996-97,896,120,201
1996-97,896,237,-31
1996-97,896,170,162
1996-97,896,112,171
1996-97,896,-14,93
1996-97,896,42,41
1996-97,896,0,0
1996-97,896,168,168
1996-97,896,179,-33
1996-97,896,0,0
1996-97,896,86,218
1996-97,896,3,17
1996-97,896,133,205
1996-97,896,231,-31
1996-97,896,0,0
1996-97,896,125,201
1996-97,896,0,0
1996-97,896,114,201
1996-97,896,-5,69
1996-97,896,42,190
1996-97,896,131,229
1996-97,896,0,0
1996-97,896,0,0
1996-97,896,0,0
1996-97,896,101,78
1996-97,896,-79,88
1996-97,896,-103,54
1996-97,896,-146,231
1996-97,896,-161,4
1996-97,896,88,240
1996-97,896,-14,90
1996-97,896,-42,233
1996-97,896,-83,84
1996-97,896,-107,153
1996-97,896,-101,249
1996-97,896,-77,8
1996-97,896,-101,246
1996-97,896,0,0
1996-97,896,-73,246
1996-97,896,-14,268
1996-97,896,-142,194
1996-97,896,-125,41
1996-97,896,0,0
1996-97,896,51,259
1996-97,896,-86,251
1996-97,896,-3,249
1996-97,896,49,75
1996-97,896,229,6
1996-97,896,-209,95
1996-97,896,0,0
1996-97,896,42,43
1996-97,896,-23,188
1996-97,896,-114,197
1996-97,896,77,0
1996-97,896,-207,114
1996-97,896,0,0
1996-97,896,-144,225
1996-97,896,-142,194
1996-97,896,-161,181
1996-97,896,-70,368
1996-97,896,-5,36
1996-97,896,1,60
1996-97,896,97,0
1996-97,896,-229,65
1996-97,896,1,32
1996-97,896,214,88
1996-97,896,0,0
1996-97,896,-73,229
1996-97,896,-164,155
1996-97,896,14,138
1996-97,896,-131,194
1996-97,896,207,110
1996-97,896,125,140
1996-97,896,0,65
1996-97,896,205,101
1996-97,896,0,0
1996-97,896,123,21
1996-97,896,216,84
1996-97,896,133,188
1996-97,896,196,21
1996-97,896,8,244
1996-97,896,129,192
1996-97,896,40,231
1996-97,896,-55,0
1996-97,896,120,6
1996-97,896,-133,138
1996-97,896,-144,181
1996-97,896,3,28
1996-97,896,0,63
1996-97,896,62,175
1996-97,896,73,233
1996-97,896,-205,123
1996-97,896,6,32
1996-97,896,229,30
1996-97,896,-49,236
1996-97,896,-14,229
1996-97,896,123,4
1996-97,896,23,225
1996-97,896,25,186
1996-97,896,-77,218
1996-97,896,0,0
1996-97,896,0,0
1996-97,896,-166,153
1996-97,896,0,0
1996-97,896,194,132
1996-97,896,62,-9
1996-97,896,12,149
1996-97,896,14,231
1996-97,896,-177,151
1996-97,896,53,223
1996-97,896,192,136
1996-97,896,-25,231
1996-97,896,-25,229
1996-97,896,-116,197
1996-97,896,140,173
1996-97,896,127,199
1996-97,896,-159,173
1996-97,896,0,0
1996-97,896,231,6
1996-97,896,0,0
1996-97,896,-237,-3
1996-97,896,-3,229
1996-97,896,0,0
1996-97,896,-27,227
1996-97,896,0,0
1996-97,896,-107,210
1996-97,896,0,0
1996-97,896,-73,227
1996-97,896,140,184
1996-97,896,-174,-5
1996-97,896,34,39
1996-97,896,166,103
1996-97,896,42,231
1996-97,896,69,49
1996-97,896,177,175
1996-97,896,-151,179
1996-97,896,-62,216
1996-97,896,188,186
1996-97,896,-109,6
1996-97,896,140,149
1996-97,896,-77,160
1996-97,896,0,0
1996-97,896,73,218
1996-97,896,-96,214
1996-97,896,0,0
1996-97,896,-120,205
1996-97,896,-194,86
1996-97,896,-21,201
1996-97,896,-179,153
1996-97,896,0,0
1996-97,896,0,0
1996-97,896,116,201
1996-97,896,-64,179
1996-97,896,0,0
1996-97,896,-118,199
1996-97,896,-153,168
1996-97,896,0,0
1996-97,896,-55,236
1996-97,896,-105,212
1996-97,896,55,242
1996-97,896,-200,10
1996-97,896,-16,240
1996-97,896,-146,-16
1996-97,896,131,199
1996-97,896,-1,225
1996-97,896,116,90
1996-97,896,0,0
1996-97,896,0,0
1996-97,896,127,103
1996-97,896,36,251
1996-97,896,3,62
1996-97,896,21,229
1996-97,896,27,78
1996-97,896,6,227
1996-97,896,-12,60
1996-97,896,94,17
1996-97,896,40,82
1996-97,896,-153,188
1996-97,896,53,220
1996-97,896,116,197
1996-97,896,86,210
1996-97,896,-8,110
1996-97,896,0,0
1996-97,896,-170,179
1996-97,896,127,8
1996-97,896,-27,255
1996-97,896,90,173
1996-97,896,19,162
1996-97,896,-120,58
1996-97,896,-183,168
1996-97,896,-34,153
1996-97,896,-83,212
1996-97,896,68,36
1996-97,896,138,177
1996-97,896,-174,147
1996-97,896,164,173
1996-97,896,-125,205
1996-97,896,123,17
1996-97,896,201,106
1996-97,896,129,136
1996-97,896,-1,90
1996-97,896,-1,229
1996-97,896,0,0
1996-97,896,19,173
1996-97,896,-53,32
1996-97,896,-213,106
1996-97,896,-157,88
1996-97,896,-133,184
1996-97,896,0,0
1996-97,896,0,0
1996-97,896,-70,45
1996-97,896,0,0
1996-97,896,-16,58
1996-97,896,-5,233
1996-97,896,64,0
1996-97,896,79,2
1996-97,896,103,212
1996-97,896,0,0
1996-97,896,220,67
1996-97,896,0,0
1996-97,896,49,285
1996-97,896,153,177
1996-97,896,-23,32
1996-97,896,-10,231
1996-97,896,79,17
1996-97,896,60,4
1996-97,896,0,0
1996-97,896,-142,168
1996-97,896,120,207
1996-97,896,133,212
1996-97,896,107,138
1996-97,896,155,179
1996-97,896,-90,54
1996-97,896,-57,142
1996-97,896,73,4
1996-97,896,0,0
1996-97,896,-40,45
1996-97,896,-145,247
1996-97,896,0,0
1996-97,896,21,41
1996-97,896,198,125
1996-97,896,-44,97
1996-97,896,0,0
1996-97,896,-146,186
1996-97,896,58,26
1996-97,896,0,0
1996-97,896,88,58
1996-97,896,-1,43
1996-97,896,0,0
1996-97,896,190,138
1996-97,896,-103,151
1996-97,896,164,162
1996-97,896,-120,28
1996-97,896,0,0
1996-97,896,-105,220
1996-97,896,-127,32
1996-97,896,170,160
1996-97,896,86,88
1996-97,896,-60,80
1996-97,896,68,223
1996-97,896,94,216
1996-97,896,-77,86
1996-97,896,-112,32
1996-97,896,84,233
1996-97,896,0,0
1996-97,896,-144,186
1996-97,896,-14,123
1996-97,896,116,23
1996-97,896,92,19
1996-97,896,-44,236
1996-97,896,86,216
1996-97,896,-64,32
1996-97,896,64,45
1996-97,896,8,41
1996-97,896,-218,54
1996-97,896,-177,149
1996-97,896,0,0
1996-97,896,0,0
1996-97,896,64,134
1996-97,896,60,233
1996-97,896,-174,186
1996-97,896,107,223
1996-97,896,42,264
1996-97,896,181,129
1996-97,896,-159,179
1996-97,896,-148,186
1996-97,896,103,140
1996-97,896,129,30
1996-97,896,-116,223
1996-97,896,144,212
1996-97,896,0,0
1996-97,896,64,6
1996-97,896,177,153
1996-97,896,0,0
1996-97,896,-127,194
1996-97,896,205,110
1996-97,896,25,314
1996-97,896,151,168
1996-97,896,129,145
1996-97,896,120,39
1996-97,896,62,121
1996-97,896,71,36
1996-97,896,0,0
1996-97,896,88,210
1996-97,896,-3,229
1996-97,896,8,236
1996-97,896,0,0
1996-97,896,-53,227
1996-97,896,227,-12
1996-97,896,123,197
1996-97,896,-229,-29
1996-97,896,0,0
1996-97,896,27,229
1996-97,896,92,-1
1996-97,896,-122,199
1996-97,896,0,0
1996-97,896,-125,207
1996-97,896,-142,173
1996-97,896,185,147
1996-97,896,131,201
1996-97,896,75,-1
1996-97,896,-125,4
1996-97,896,-66,231
1996-97,896,144,186
1996-97,896,75,-3
1996-97,896,0,0
1996-97,896,-86,214
1996-97,896,71,10
1996-97,896,0,0
1996-97,896,188,160
1996-97,896,105,294
1996-97,896,32,23
1996-97,896,-196,119
1996-97,896,-53,19
1996-97,896,159,86
1996-97,896,16,225
1996-97,896,0,0
1996-97,896,86,2
1996-97,896,-172,155
1996-97,896,120,192
1996-97,896,75,214
1996-97,896,0,0
1996-97,896,94,207
1996-97,896,127,84
1996-97,896,177,153
1996-97,896,-159,194
1996-97,896,-151,181
1996-97,896,-73,2
1996-97,896,90,210
1996-97,896,0,0
1996-97,896,-135,190
1996-97,896,118,134
1996-97,896,-131,-1
1996-97,896,1,45
1996-97,896,40,32
1996-97,896,45,36
1996-97,896,10,316
1996-97,896,-144,179
1996-97,896,53,6
1996-97,896,-14,225
1996-97,896,73,13
1996-97,896,107,-5
1996-97,896,-127,181
1996-97,896,0,0
1996-97,896,-135,179
1996-97,896,103,199
1996-97,896,29,227
1996-97,896,-190,-1
1996-97,896,162,99
1996-97,896,-129,134
1996-97,896,-14,227
1996-97,896,60,216
1996-97,896,0,0
1996-97,896,-42,36
1996-97,896,-49,171
1996-97,896,-185,-20
1996-97,896,118,220
