Player,Player_ID,Pos,Age,Tm,G,MP,PER,TS%,3PAr,FTr,ORB%,DRB%,TRB%,AST%,STL%,BLK%,TOV%,USG%,OWS,DWS,WS,WS/48,OBPM,DBPM,BPM,VORP,Yr
A.J. Hammons,1627773,C,24,DAL,22,163,8.4,0.472,0.238,0.476,5.4,20.9,12.8,3.8,0.3,7.2,16.4,17.6,-0.2,0.2,0.0,-0.001,-7.5,1.9,-5.6,-0.1,2017
Aaron Brooks,201166,PG,32,IND,65,894,9.5,0.507,0.427,0.133,2.3,6.3,4.3,20.7,1.4,0.9,17.2,19.2,-0.2,0.5,0.3,0.016,-2.1,-2.6,-4.6,-0.6,2017
Aaron Gordon,203932,SF,21,ORL,80,2298,14.4,0.53,0.309,0.251,5.3,14.1,9.6,10.5,1.4,1.4,8.5,20.1,2.0,1.7,3.7,0.076,-0.2,-0.4,-0.7,0.8,2017
Aaron Harrison,1626151,SG,22,CHO,5,17,-2.2,0.102,0.5,0.5,0.0,19.5,9.7,22.6,0.0,0.0,0.0,12.9,-0.1,0.0,-0.1,-0.146,-9.6,-2.1,-11.6,0.0,2017
Adreian Payne,203940,PF,25,MIN,18,135,14.4,0.505,0.278,0.352,7.7,21.0,14.3,8.0,3.0,4.4,11.4,23.1,0.0,0.2,0.2,0.086,-2.2,0.7,-1.5,0.0,2017
Al Horford,201143,C,30,BOS,68,2193,17.7,0.553,0.302,0.169,4.9,18.6,11.8,24.4,1.2,3.3,11.9,19.8,3.6,2.7,6.3,0.137,1.0,2.1,3.1,2.8,2017
Al Jefferson,2744,C,32,IND,66,931,18.9,0.526,0.002,0.18,9.2,24.2,16.8,11.0,1.0,1.5,6.1,26.1,1.2,1.1,2.3,0.119,-1.5,-1.5,-3.1,-0.3,2017
Al-Farouq Aminu,202329,SF,26,POR,61,1773,11.3,0.506,0.455,0.292,4.8,23.5,14.1,7.9,1.7,2.0,15.2,15.4,-0.1,2.0,1.9,0.051,-2.3,1.2,-1.1,0.4,2017
Alan Anderson,101187,SF,34,LAC,30,308,5.0,0.494,0.55,0.2,1.1,7.4,4.4,4.9,0.5,0.0,7.4,13.7,0.0,0.1,0.1,0.02,-2.6,-2.3,-4.9,-0.2,2017
Alan Williams,1626210,C,24,PHO,47,708,19.5,0.547,0.004,0.419,14.0,31.2,22.4,5.2,1.8,3.7,10.5,20.9,1.1,0.9,2.1,0.142,-1.8,0.2,-1.7,0.1,2017
Alec Burks,202692,SG,25,UTA,42,653,11.6,0.501,0.306,0.315,3.1,17.7,10.6,7.5,1.4,0.6,11.0,22.7,-0.1,0.9,0.8,0.056,-3.3,-0.9,-4.2,-0.4,2017
Alex Abrines,203518,SG,23,OKC,68,1055,10.1,0.56,0.724,0.144,1.9,7.1,4.5,5.5,1.7,0.6,8.3,15.9,1.2,0.9,2.1,0.095,-0.3,-2.2,-2.5,-0.1,2017
Alex Len,203458,C,23,PHO,77,1560,15.0,0.553,0.026,0.449,10.6,25.3,17.8,4.2,1.1,5.1,15.5,17.6,1.2,1.7,3.0,0.091,-3.0,1.2,-1.8,0.1,2017
Alex Poythress,1627816,PF,23,PHI,6,157,13.2,0.548,0.352,0.185,7.7,12.7,10.2,5.1,0.9,1.0,4.9,16.9,0.2,0.1,0.3,0.099,-0.6,-1.9,-2.5,0.0,2017
Alexis Ajinca,201582,C,28,NOP,39,584,12.9,0.529,0.022,0.225,8.3,23.8,16.0,3.1,1.7,3.1,13.7,17.2,0.0,0.9,1.0,0.08,-5.1,1.0,-4.1,-0.3,2017
Allen Crabbe,203459,SG,24,POR,79,2254,11.6,0.602,0.467,0.192,0.9,10.2,5.5,6.1,1.2,0.7,8.1,14.9,3.1,1.0,4.1,0.088,0.3,-1.4,-1.1,0.5,2017
Alonzo Gee,202087,SF,29,DEN,13,89,3.1,0.306,0.214,0.643,5.0,13.5,9.3,8.2,2.7,0.9,18.2,10.5,-0.1,0.1,-0.1,-0.032,-5.6,1.0,-4.6,-0.1,2017
Amir Johnson,101161,PF,29,BOS,80,1608,15.0,0.628,0.178,0.27,8.2,17.0,12.6,13.0,1.6,3.2,15.7,13.6,2.9,2.1,5.0,0.149,-0.2,2.4,2.2,1.7,2017
Anderson Varejao,2760,C,34,GSW,14,92,9.4,0.478,0.0,0.786,15.3,16.8,16.1,13.0,1.6,2.6,29.8,12.6,0.0,0.1,0.2,0.097,-3.2,2.5,-0.6,0.0,2017
Andre Drummond,203083,C,23,DET,81,2409,20.9,0.518,0.008,0.39,15.1,36.3,25.3,5.9,2.6,3.1,12.5,22.4,1.4,5.3,6.7,0.133,-2.1,2.9,0.8,1.7,2017
Andre Iguodala,2738,SF,33,GSW,76,1998,14.4,0.624,0.427,0.246,3.0,13.1,8.3,16.7,1.8,1.5,11.2,11.2,4.1,2.9,6.9,0.167,1.3,1.7,3.0,2.5,2017
Andre Roberson,203460,SF,25,OKC,79,2376,9.6,0.51,0.397,0.24,4.6,14.2,9.4,4.6,1.9,2.7,9.1,10.1,1.1,3.1,4.2,0.085,-2.1,2.1,0.0,1.2,2017
Andrew Bogut,101106,C,32,TOT,27,583,9.3,0.46,0.012,0.136,10.6,33.9,21.7,12.3,1.2,3.9,33.4,10.4,-0.3,1.0,0.7,0.055,-5.6,5.3,-0.3,0.3,2017
Andrew Harrison,1626150,PG,22,MEM,72,1474,8.7,0.477,0.433,0.539,1.7,9.0,5.3,20.0,1.9,1.3,16.0,16.4,0.0,1.5,1.6,0.051,-2.4,0.0,-2.5,-0.2,2017
Andrew Nicholson,203094,PF,27,TOT,38,342,5.9,0.427,0.243,0.126,4.9,14.6,9.8,4.1,2.3,1.5,12.7,17.0,-0.5,0.4,-0.1,-0.019,-5.9,-0.5,-6.4,-0.4,2017
Andrew Wiggins,203952,SF,21,MIN,82,3048,16.5,0.534,0.184,0.345,3.9,8.8,6.3,10.6,1.4,0.8,9.4,29.0,3.3,0.9,4.2,0.066,0.2,-2.9,-2.7,-0.6,2017
Anthony Bennett,203461,PF,23,BRK,23,264,14.7,0.533,0.522,0.391,10.1,21.0,15.6,7.1,0.9,0.9,10.0,19.4,0.3,0.2,0.5,0.09,-0.8,-2.2,-3.0,-0.1,2017
Anthony Brown,1626148,SF,24,TOT,11,159,7.2,0.43,0.54,0.0,5.3,16.9,11.0,7.6,1.5,0.5,10.7,15.6,-0.2,0.2,0.0,0.002,-3.8,-0.2,-4.0,-0.1,2017
Anthony Davis,203076,C,23,NOP,75,2708,27.5,0.579,0.088,0.424,6.7,27.9,17.3,11.1,1.7,5.1,9.1,32.6,5.9,5.1,11.0,0.196,1.4,2.3,3.7,3.9,2017
Anthony Morrow,201627,SG,31,TOT,49,714,10.0,0.505,0.528,0.147,1.9,2.9,2.4,5.2,1.7,0.2,2.2,16.4,0.7,0.5,1.2,0.083,-1.2,-3.1,-4.3,-0.4,2017
Anthony Tolliver,201229,PF,31,SAC,65,1477,11.1,0.595,0.655,0.234,4.0,14.5,9.3,7.7,1.1,1.2,12.6,13.6,1.5,0.8,2.3,0.075,0.2,-0.8,-0.6,0.5,2017
Archie Goodwin,203462,SG,22,TOT,15,214,18.7,0.651,0.227,0.636,3.5,10.3,6.9,18.5,0.9,1.8,14.2,19.8,0.6,0.1,0.7,0.153,0.6,-1.7,-1.1,0.0,2017
Arinze Onuaku,202620,C,29,ORL,8,28,5.8,0.5,0.0,0.0,7.6,16.0,11.7,9.9,0.0,2.9,33.3,9.4,0.0,0.0,0.0,-0.005,-6.5,0.7,-5.9,0.0,2017
Aron Baynes,203382,C,30,DET,75,1163,13.1,0.57,0.0,0.337,10.0,21.6,15.6,3.9,0.7,2.8,13.5,14.1,1.4,1.5,3.0,0.123,-2.9,1.1,-1.8,0.1,2017
Arron Afflalo,201167,SG,31,SAC,61,1580,9.0,0.559,0.36,0.221,0.7,8.4,4.6,7.4,0.7,0.4,8.4,14.4,1.2,0.2,1.4,0.043,-1.4,-2.0,-3.5,-0.6,2017
Austin Rivers,203085,SG,24,LAC,74,2054,11.4,0.545,0.409,0.261,1.1,7.5,4.4,15.0,1.2,0.4,12.4,20.3,1.2,1.3,2.5,0.059,-0.1,-1.5,-1.6,0.2,2017
Avery Bradley,202340,SG,26,BOS,55,1835,14.4,0.548,0.357,0.12,4.0,16.2,10.1,10.9,1.8,0.5,9.7,21.9,1.1,2.0,3.1,0.08,-0.2,-0.4,-0.5,0.7,2017
Axel Toupane,1626253,SF,24,TOT,4,47,6.2,0.611,0.444,0.0,0.0,2.3,1.1,0.0,1.0,1.7,0.0,8.5,0.0,0.0,0.1,0.061,-2.8,-1.0,-3.8,0.0,2017
Ben Bentil,1627791,PF,21,DAL,3,10,-17.6,0.0,0.333,0.0,0.0,24.4,11.6,0.0,0.0,0.0,25.0,18.9,-0.1,0.0,-0.1,-0.473,-22.4,-4.5,-26.9,-0.1,2017
Ben McLemore,203463,SG,23,SAC,61,1176,9.8,0.538,0.406,0.222,1.9,10.8,6.4,6.9,1.2,0.5,11.9,20.1,-0.1,0.5,0.4,0.015,-2.1,-2.7,-4.8,-0.8,2017
Beno Udrih,2757,PG,34,DET,39,560,16.1,0.535,0.162,0.173,1.1,10.3,5.6,35.4,1.2,0.0,14.9,19.7,0.8,0.5,1.3,0.111,-0.5,-2.1,-2.6,-0.1,2017
Bismack Biyombo,202687,C,24,ORL,81,1793,12.2,0.546,0.0,0.69,9.3,25.6,17.2,6.0,0.7,4.1,17.7,13.2,0.8,2.1,2.9,0.077,-4.2,2.0,-2.2,-0.1,2017
Blake Griffin,201933,PF,27,LAC,61,2076,22.7,0.569,0.116,0.434,6.1,20.2,13.4,24.5,1.4,0.9,10.9,28.0,5.4,2.4,7.7,0.179,3.2,1.3,4.4,3.4,2017
Boban Marjanovic,1626246,C,28,DET,35,293,29.6,0.606,0.0,0.439,16.5,32.5,24.2,5.3,1.0,3.4,6.0,25.3,1.2,0.5,1.7,0.28,1.0,-0.9,0.1,0.2,2017
Bobby Brown,201628,PG,32,HOU,25,123,10.8,0.509,0.583,0.033,0.0,5.3,2.7,17.6,0.4,0.0,7.6,22.7,0.1,0.0,0.1,0.04,-1.5,-6.1,-7.6,-0.2,2017
Bobby Portis,1626171,PF,21,CHI,64,1000,14.9,0.545,0.256,0.157,8.0,24.0,16.0,5.7,0.8,0.9,8.4,19.1,1.1,1.2,2.4,0.114,-1.6,-1.5,-3.1,-0.3,2017
Bojan Bogdanovic,202711,SF,27,TOT,81,2083,13.5,0.585,0.464,0.288,1.9,12.3,7.2,8.7,0.8,0.3,12.0,22.4,2.0,0.9,2.9,0.067,-0.1,-2.8,-2.8,-0.4,2017
Boris Diaw,2564,PF,34,UTA,73,1283,9.0,0.494,0.248,0.107,4.3,9.8,7.1,20.3,0.7,0.6,20.3,15.6,-0.1,1.2,1.1,0.041,-2.7,-0.2,-2.9,-0.3,2017
Bradley Beal,203078,SG,23,WAS,77,2684,20.1,0.604,0.418,0.259,2.2,7.8,5.0,16.2,1.5,0.7,9.6,26.5,6.8,1.6,8.5,0.151,4.5,-2.4,2.2,2.8,2017
Brandan Wright,201148,PF,29,MEM,28,447,18.5,0.628,0.007,0.259,7.7,12.4,10.0,6.0,1.3,4.3,6.2,16.3,1.1,0.5,1.6,0.177,0.0,1.3,1.3,0.4,2017
Brandon Bass,101138,PF,31,LAC,52,577,19.7,0.65,0.016,0.473,8.6,16.2,12.5,5.7,1.2,1.6,11.4,19.7,1.6,0.6,2.2,0.186,0.1,-0.8,-0.7,0.2,2017
Brandon Ingram,1627742,SF,19,LAL,79,2279,8.5,0.474,0.273,0.312,2.8,12.8,7.6,10.5,1.1,1.3,12.9,16.8,-1.0,0.7,-0.3,-0.007,-3.1,-0.7,-3.8,-1.1,2017
Brandon Jennings,201943,PG,27,TOT,81,1802,12.1,0.479,0.471,0.284,1.8,10.1,5.9,30.4,1.9,0.2,17.5,17.6,0.7,1.0,1.7,0.046,-0.8,-2.2,-3.0,-0.4,2017
Brandon Knight,202688,SG,25,PHO,54,1140,12.3,0.502,0.265,0.293,2.3,9.1,5.6,17.8,1.1,0.4,13.1,25.0,0.1,0.2,0.3,0.013,-1.5,-3.0,-4.5,-0.7,2017
Brandon Rush,201575,SG,31,MIN,47,1030,6.6,0.505,0.61,0.096,1.8,9.5,5.6,5.8,1.1,1.9,12.6,9.6,0.1,0.3,0.4,0.019,-2.0,-0.1,-2.1,0.0,2017
Brian Roberts,203148,PG,31,CHO,41,416,9.8,0.51,0.361,0.32,1.3,9.0,5.2,18.7,1.1,0.2,15.7,17.9,0.0,0.3,0.2,0.028,-3.3,-2.6,-5.9,-0.4,2017
Briante Weber,1627362,PG,24,TOT,20,205,11.0,0.462,0.167,0.267,4.3,9.6,7.0,15.0,2.9,0.4,10.7,16.3,0.0,0.2,0.3,0.059,-3.2,0.0,-3.2,-0.1,2017
Brice Johnson,1627744,PF,22,LAC,3,9,17.2,0.286,0.0,0.0,12.8,24.2,18.6,18.6,11.1,9.1,12.5,39.8,-0.1,0.0,0.0,-0.164,-10.7,12.0,1.3,0.0,2017
Brook Lopez,201572,C,28,BRK,75,2222,20.4,0.578,0.33,0.311,5.8,13.3,9.6,14.8,0.8,4.2,12.1,29.2,3.1,1.8,4.9,0.105,1.9,-0.4,1.5,2.0,2017
Bruno Caboclo,203998,SF,21,TOR,9,40,14.6,0.438,0.375,0.0,14.2,14.1,14.1,15.1,2.5,2.2,11.1,20.1,0.0,0.1,0.1,0.083,0.1,0.7,0.8,0.0,2017
Bryn Forbes,1627854,SG,23,SAS,36,285,5.9,0.462,0.535,0.061,0.8,8.2,4.6,11.7,0.2,0.0,9.8,17.9,-0.2,0.2,0.1,0.014,-3.2,-2.8,-6.0,-0.3,2017
Buddy Hield,1627741,SG,23,TOT,82,1888,11.8,0.54,0.493,0.099,2.0,13.5,7.8,10.3,1.0,0.4,11.2,21.4,0.0,1.3,1.3,0.032,-0.9,-1.9,-2.8,-0.4,2017
C.J. Watson,201228,PG,32,ORL,62,1012,9.3,0.507,0.423,0.266,1.7,8.1,4.8,16.1,2.1,0.2,14.5,14.1,0.2,0.6,0.9,0.041,-2.5,-1.1,-3.6,-0.4,2017
CJ McCollum,203468,SG,25,POR,80,2796,19.9,0.585,0.305,0.204,2.4,9.2,5.8,18.0,1.3,1.2,9.9,27.5,6.2,1.4,7.6,0.131,3.3,-2.2,1.0,2.1,2017
CJ Miles,101139,SF,29,IND,76,1776,13.7,0.592,0.632,0.144,1.9,12.4,7.2,4.1,1.3,1.2,5.5,18.4,2.7,1.4,4.0,0.109,1.5,-2.1,-0.5,0.7,2017
CJ Wilcox,203912,SG,26,ORL,22,108,2.9,0.329,0.484,0.065,3.9,8.3,6.0,15.5,0.9,0.7,15.8,15.4,-0.2,0.0,-0.2,-0.09,-6.5,-2.2,-8.7,-0.2,2017
Cameron Payne,1626166,PG,22,TOT,31,462,5.6,0.407,0.446,0.041,0.7,10.7,5.7,17.7,1.5,0.9,12.9,20.9,-0.8,0.4,-0.3,-0.034,-4.8,-2.1,-6.9,-0.6,2017
Caris LeVert,1627747,SF,22,BRK,57,1237,12.2,0.556,0.484,0.245,2.0,13.9,8.0,13.7,1.9,0.5,12.3,16.6,0.8,1.0,1.8,0.07,-0.7,-0.4,-1.1,0.3,2017
Carmelo Anthony,2546,SF,32,NYK,74,2538,17.9,0.535,0.303,0.263,2.6,15.9,9.3,14.5,1.2,1.1,9.0,29.1,3.2,1.5,4.7,0.089,1.5,-2.2,-0.7,0.8,2017
Chandler Parsons,202718,SF,28,MEM,34,675,7.6,0.436,0.419,0.194,1.0,13.6,7.1,12.8,1.5,0.7,9.1,17.8,-0.5,0.7,0.2,0.016,-3.6,-0.5,-4.0,-0.3,2017
Channing Frye,101112,C,33,CLE,74,1398,15.6,0.612,0.644,0.142,3.0,19.3,11.4,4.9,1.2,2.1,8.8,19.3,2.3,1.4,3.7,0.125,0.8,-1.5,-0.6,0.5,2017
Chasson Randle,1626184,PG,23,TOT,26,299,13.6,0.586,0.48,0.439,2.2,9.4,5.8,16.8,1.5,0.5,14.0,19.7,0.5,0.1,0.7,0.106,0.3,-2.9,-2.6,0.0,2017
Cheick Diallo,1627767,PF,20,NOP,17,199,16.8,0.51,0.0,0.276,12.1,26.7,19.3,3.2,1.0,2.9,7.6,20.5,0.2,0.3,0.5,0.111,-4.6,-1.0,-5.6,-0.2,2017
Chinanu Onuaku,1627778,C,20,HOU,5,52,12.3,0.799,0.0,0.571,4.2,16.8,10.5,7.8,2.8,1.6,31.3,10.4,0.1,0.1,0.1,0.123,-2.4,1.8,-0.6,0.0,2017
Chris Andersen,2365,C,38,CLE,12,114,11.6,0.497,0.136,0.636,9.0,20.6,15.0,5.9,2.2,5.0,15.1,13.0,0.1,0.2,0.2,0.102,-3.8,3.0,-0.9,0.0,2017
Chris McCullough,1626191,PF,21,TOT,16,80,15.2,0.526,0.219,0.156,12.1,13.3,12.7,4.4,1.2,1.9,8.1,19.9,0.1,0.1,0.1,0.072,-2.0,-2.6,-4.6,-0.1,2017
Chris Paul,101108,PG,31,LAC,61,1921,26.2,0.614,0.385,0.331,2.5,14.9,8.8,46.8,3.1,0.3,14.0,24.4,8.0,2.6,10.6,0.264,7.8,1.0,8.7,5.2,2017
Christian Wood,1626174,PF,21,CHO,13,107,15.1,0.591,0.217,0.652,14.3,15.5,14.9,2.8,1.4,4.9,19.1,15.4,0.1,0.1,0.3,0.125,-2.5,0.6,-2.0,0.0,2017
Clint Capela,203991,C,22,HOU,65,1551,21.4,0.638,0.0,0.314,12.5,24.5,18.5,6.9,1.1,4.2,12.0,19.9,3.9,2.1,6.0,0.185,0.0,1.0,1.0,1.2,2017
Cody Zeller,203469,PF,24,CHO,62,1725,16.7,0.604,0.002,0.442,8.6,17.3,12.9,9.1,1.8,3.0,10.9,15.5,3.4,2.2,5.6,0.157,-0.2,2.3,2.1,1.8,2017
Cole Aldrich,202332,C,28,MIN,62,531,12.7,0.549,0.0,0.256,11.0,23.9,17.4,6.4,2.4,3.7,15.1,9.4,0.6,0.7,1.3,0.116,-2.0,2.6,0.6,0.4,2017
Corey Brewer,201147,SF,30,TOT,82,1281,9.1,0.491,0.339,0.195,2.7,11.5,7.1,10.7,2.3,1.2,12.7,14.3,0.0,1.2,1.2,0.045,-2.9,0.2,-2.7,-0.2,2017
Cory Joseph,202709,SG,25,TOR,80,2003,13.2,0.518,0.204,0.185,2.9,10.4,6.6,20.0,1.7,0.6,13.1,18.4,1.7,1.7,3.4,0.082,-0.4,-0.4,-0.8,0.6,2017
Courtney Lee,201584,SG,31,NYK,77,2459,12.1,0.559,0.382,0.139,2.3,9.1,5.7,10.6,1.6,0.8,8.5,14.4,3.1,1.1,4.2,0.081,0.5,-0.7,-0.2,1.1,2017
Cristiano Felicio,1626245,C,24,CHI,66,1040,15.2,0.601,0.0,0.419,12.8,19.5,16.1,5.7,1.2,1.2,11.2,12.4,2.1,1.3,3.4,0.157,-0.6,0.5,-0.1,0.5,2017
D'Angelo Russell,1626156,PG,20,LAL,63,1811,15.3,0.518,0.443,0.217,1.8,11.9,6.7,26.8,2.3,0.7,15.6,26.6,0.3,1.0,1.3,0.034,1.1,-1.6,-0.5,0.7,2017
D.J. Augustin,201571,PG,29,ORL,78,1538,11.0,0.524,0.53,0.311,1.0,7.4,4.1,20.4,1.0,0.1,13.3,19.4,0.7,0.5,1.2,0.038,-0.9,-3.3,-4.2,-0.9,2017
Dahntay Jones,2563,SF,36,CLE,1,12,14.7,0.461,0.25,0.5,9.5,8.9,9.2,14.5,0.0,0.0,9.3,39.9,0.0,0.0,0.0,-0.03,-3.8,-7.1,-10.9,0.0,2017
Damian Jones,1627745,C,21,GSW,10,85,5.3,0.466,0.0,0.625,12.4,17.0,14.8,0.0,0.6,3.7,22.7,13.4,-0.1,0.1,0.0,0.018,-7.5,-2.1,-9.6,-0.2,2017
Damian Lillard,203081,PG,26,POR,75,2694,24.1,0.586,0.388,0.366,1.9,13.3,7.6,28.7,1.3,0.6,10.2,31.5,8.8,1.5,10.3,0.184,6.4,-2.0,4.3,4.3,2017
Damjan Rudez,204014,SF,30,ORL,45,314,6.3,0.466,0.727,0.0,1.7,7.1,4.3,9.2,1.9,0.3,9.3,13.6,-0.1,0.2,0.1,0.008,-2.8,-1.9,-4.7,-0.2,2017
Daniel Ochefu,1627849,C,23,WAS,19,75,6.6,0.43,0.0,0.074,7.6,25.4,16.5,5.8,1.3,0.0,9.7,18.0,-0.1,0.1,0.0,0.005,-6.5,-1.9,-8.4,-0.1,2017
Danilo Gallinari,201568,SF,28,DEN,63,2134,17.4,0.622,0.432,0.516,2.0,14.7,8.4,9.1,0.9,0.5,8.1,19.9,6.2,0.7,6.9,0.154,2.9,-2.1,0.8,1.5,2017
Danny Green,201980,SG,29,SAS,68,1807,10.2,0.537,0.693,0.071,2.0,11.8,7.0,9.6,2.0,2.6,14.1,13.5,0.4,3.0,3.4,0.09,-0.3,2.7,2.4,2.0,2017
Dante Cunningham,201967,SF,29,NOP,66,1649,10.2,0.586,0.504,0.075,3.6,14.2,8.9,3.1,1.2,1.4,7.0,10.7,1.4,1.6,3.0,0.088,-1.3,0.8,-0.5,0.6,2017
Dante Exum,203957,PG,21,UTA,66,1228,8.6,0.521,0.41,0.201,2.9,9.3,6.2,14.2,0.9,0.8,16.8,18.1,-0.1,1.3,1.2,0.047,-2.0,-0.5,-2.5,-0.1,2017
Dario Saric,203967,PF,22,PHI,81,2129,12.8,0.508,0.368,0.237,5.8,20.8,13.3,14.3,1.3,1.1,15.2,24.6,-1.2,2.2,1.0,0.023,-2.0,-0.2,-2.2,-0.1,2017
Darrell Arthur,201589,PF,28,DEN,41,639,12.8,0.583,0.544,0.102,4.4,14.9,9.7,9.3,1.5,2.5,13.8,17.3,0.6,0.4,1.1,0.081,0.3,-0.6,-0.3,0.3,2017
Darren Collison,201954,PG,29,SAC,68,2063,15.3,0.57,0.245,0.239,1.3,7.2,4.3,24.5,1.6,0.4,12.6,19.8,3.1,0.8,3.9,0.091,0.8,-2.3,-1.5,0.3,2017
Darrun Hilliard,1626199,SG,23,DET,39,381,5.9,0.459,0.365,0.222,0.6,9.2,4.7,12.3,1.5,0.4,16.8,19.3,-0.6,0.4,-0.2,-0.027,-5.0,-1.1,-6.1,-0.4,2017
David Lee,101135,PF,33,SAS,79,1477,18.4,0.613,0.0,0.269,11.6,21.9,16.9,13.0,1.1,2.2,14.9,16.9,3.2,2.5,5.7,0.186,0.7,2.5,3.2,1.9,2017
David Nwaba,1628021,SG,24,LAL,20,397,12.1,0.611,0.062,0.481,4.3,13.1,8.5,5.0,1.6,1.4,10.1,11.8,0.6,0.2,0.7,0.09,-1.7,-0.3,-2.0,0.0,2017
David West,2561,C,36,GSW,68,854,16.6,0.571,0.032,0.222,6.4,18.8,13.0,24.1,2.4,4.4,22.0,17.9,0.9,1.7,2.6,0.148,-1.7,3.9,2.2,0.9,2017
Davis Bertans,202722,PF,24,SAS,67,808,12.9,0.609,0.739,0.145,3.2,10.6,6.9,8.3,1.3,2.8,11.4,15.7,1.1,1.2,2.3,0.135,1.2,0.5,1.7,0.8,2017
DeAndre Jordan,201599,C,28,LAC,81,2570,21.8,0.673,0.003,0.737,13.3,34.6,24.2,5.7,1.0,4.3,13.2,15.3,7.2,4.6,11.8,0.22,1.0,3.0,4.0,3.9,2017
DeAndre Liggins,202732,SG,28,TOT,62,777,7.5,0.476,0.324,0.282,2.9,12.2,7.7,9.2,3.0,1.5,20.8,11.6,-0.4,0.9,0.5,0.031,-3.9,1.8,-2.1,0.0,2017
DeAndre' Bembry,1627761,SF,22,ATL,38,371,8.8,0.481,0.184,0.163,4.2,13.1,8.7,11.5,1.1,1.2,13.2,14.2,-0.1,0.4,0.3,0.038,-4.4,0.1,-4.3,-0.2,2017
DeMar DeRozan,201942,SG,27,TOR,74,2620,24.0,0.552,0.08,0.419,3.0,13.6,8.3,20.6,1.5,0.4,9.0,34.3,6.7,2.4,9.0,0.166,2.4,-1.5,0.9,1.9,2017
DeMarcus Cousins,202326,C,26,TOT,72,2465,25.7,0.562,0.254,0.468,7.1,29.2,18.2,25.8,2.0,3.3,13.5,36.5,3.8,3.8,7.6,0.149,3.9,2.6,6.6,5.3,2017
DeMarre Carroll,201960,SF,30,TOR,72,1882,11.9,0.531,0.583,0.213,3.8,12.7,8.3,5.7,2.2,1.2,8.3,15.5,1.7,2.1,3.8,0.097,0.6,0.4,1.0,1.4,2017
Dejounte Murray,1627749,PG,20,SAS,38,322,9.6,0.503,0.198,0.259,2.2,12.4,7.4,22.6,1.3,1.5,22.7,23.5,-0.4,0.5,0.0,0.004,-4.6,-0.2,-4.8,-0.2,2017
Delon Wright,1626153,PG,24,TOR,27,446,15.0,0.535,0.259,0.474,4.1,8.1,6.1,18.2,3.1,2.1,15.1,16.6,0.5,0.6,1.1,0.117,-0.1,1.2,1.1,0.4,2017
Demetrius Jackson,1627743,PG,22,BOS,5,17,30.8,0.753,0.25,1.5,13.2,13.0,13.1,28.2,0.0,0.0,0.0,17.3,0.1,0.0,0.1,0.386,9.2,-2.8,6.4,0.0,2017
Dennis Schroder,203471,PG,23,ATL,79,2485,16.1,0.533,0.242,0.21,1.9,9.0,5.5,35.5,1.5,0.6,16.3,27.8,1.2,2.5,3.7,0.071,0.7,-1.4,-0.7,0.8,2017
Denzel Valentine,1627756,SG,23,CHI,57,976,7.3,0.492,0.722,0.063,1.2,15.6,8.3,9.3,1.5,0.6,14.2,15.4,-0.5,1.1,0.6,0.031,-2.4,-0.4,-2.8,-0.2,2017
Deron Williams,101114,PG,32,TOT,64,1657,14.0,0.541,0.39,0.182,0.9,9.4,5.1,35.9,1.0,0.4,17.6,22.1,1.5,0.9,2.4,0.069,0.2,-2.4,-2.3,-0.1,2017
Derrick Favors,202324,PF,25,UTA,50,1186,15.8,0.512,0.024,0.261,9.2,20.2,14.9,7.9,2.0,2.7,11.4,20.7,0.5,2.2,2.7,0.109,-2.4,2.3,-0.1,0.6,2017
Derrick Jones Jr.,1627884,SF,19,PHO,32,545,12.0,0.604,0.091,0.339,7.6,8.2,7.9,3.1,1.2,1.9,8.6,11.7,0.9,0.2,1.1,0.098,-0.5,-0.5,-1.1,0.1,2017
Derrick Rose,201565,PG,28,NYK,64,2082,17.0,0.53,0.061,0.259,3.4,9.3,6.4,22.8,1.1,0.7,11.9,25.7,2.4,0.6,3.0,0.068,0.2,-2.2,-1.9,0.0,2017
Derrick Williams,202682,PF,25,TOT,50,804,10.6,0.537,0.398,0.365,2.6,15.1,8.9,5.1,0.9,0.7,9.0,17.2,0.4,0.6,1.1,0.064,-2.4,-1.8,-4.2,-0.4,2017
Devin Booker,1626164,SG,20,PHO,78,2730,14.6,0.531,0.283,0.308,1.8,8.3,5.0,16.3,1.3,0.6,12.9,28.6,1.4,0.6,2.0,0.035,0.4,-2.7,-2.3,-0.2,2017
Devin Harris,2734,PG,33,DAL,65,1087,13.8,0.549,0.519,0.378,1.1,13.0,6.8,20.0,2.1,0.6,12.5,19.7,1.1,1.1,2.2,0.096,-0.1,-0.3,-0.4,0.4,2017
Dewayne Dedmon,203473,C,27,SAS,76,1330,16.0,0.645,0.0,0.359,11.2,30.5,21.1,4.8,1.4,3.7,16.9,12.3,2.2,3.0,5.2,0.188,-1.5,3.2,1.7,1.2,2017
Deyonta Davis,1627738,C,20,MEM,36,238,10.6,0.528,0.0,0.383,9.3,19.8,14.4,1.3,0.7,6.8,12.7,12.0,0.1,0.4,0.5,0.097,-5.4,1.8,-3.6,-0.1,2017
Diamond Stone,1627754,C,19,LAC,7,24,-1.2,0.339,0.0,0.308,4.8,22.7,14.0,0.0,0.0,3.4,11.9,31.3,-0.1,0.0,-0.1,-0.211,-17.3,-6.9,-24.1,-0.1,2017
Dion Waiters,203079,SG,25,MIA,46,1384,14.5,0.507,0.324,0.192,1.4,11.0,6.2,23.8,1.5,1.1,12.5,26.3,0.2,1.5,1.6,0.057,0.0,-0.8,-0.8,0.4,2017
Dirk Nowitzki,1717,PF,38,DAL,54,1424,17.0,0.529,0.308,0.165,1.8,28.3,14.4,10.6,1.1,2.4,6.6,25.8,0.6,1.9,2.5,0.084,-1.6,0.3,-1.3,0.2,2017
Domantas Sabonis,1627734,PF,20,OKC,81,1632,6.9,0.469,0.331,0.139,3.0,16.4,9.7,7.2,1.2,1.6,14.0,15.4,-1.0,1.8,0.7,0.022,-4.7,-0.1,-4.9,-1.2,2017
Donatas Motiejunas,202700,PF,26,NOP,34,479,9.2,0.47,0.341,0.355,5.7,16.6,11.1,10.3,1.8,1.9,16.3,17.6,-0.4,0.6,0.2,0.018,-4.1,1.2,-2.9,-0.1,2017
Dorian Finney-Smith,1627827,PF,23,DAL,81,1642,7.7,0.486,0.574,0.183,3.7,12.3,7.8,6.0,1.6,1.4,11.1,11.6,-0.1,1.5,1.4,0.041,-2.8,1.3,-1.5,0.2,2017
Doug McDermott,203926,SF,25,TOT,66,1508,10.7,0.554,0.416,0.169,1.4,11.5,6.4,5.9,0.4,0.3,6.6,16.4,1.6,1.0,2.6,0.083,-1.2,-2.3,-3.5,-0.6,2017
Dragan Bender,1627733,PF,19,PHO,43,574,5.3,0.44,0.627,0.068,4.2,15.6,9.7,5.5,0.8,3.1,16.2,14.4,-0.7,0.3,-0.3,-0.029,-4.0,-0.3,-4.3,-0.3,2017
Draymond Green,203110,PF,26,GSW,76,2471,16.5,0.522,0.405,0.328,4.6,20.9,13.3,27.6,3.0,3.4,19.8,16.2,2.8,5.4,8.2,0.16,0.4,5.0,5.4,4.6,2017
Dwight Howard,2730,C,31,ATL,74,2199,20.8,0.627,0.003,0.692,15.0,31.7,23.5,7.8,1.4,3.6,17.5,19.2,3.8,4.5,8.3,0.181,-0.5,2.8,2.3,2.4,2017
Dwight Powell,203939,C,25,DAL,77,1333,17.6,0.588,0.196,0.374,7.7,19.5,13.3,6.1,2.4,2.6,7.2,16.7,2.7,1.9,4.6,0.165,-0.5,1.9,1.4,1.2,2017
Dwyane Wade,2548,SG,35,CHI,60,1792,18.5,0.508,0.152,0.294,3.8,12.6,8.2,22.4,2.4,1.8,11.3,29.6,0.9,2.5,3.4,0.09,0.4,0.6,1.0,1.4,2017
E'Twaun Moore,202734,SG,27,NOP,73,1820,12.1,0.537,0.336,0.12,1.9,6.9,4.4,13.8,1.3,1.4,8.7,17.4,1.2,1.5,2.7,0.07,-0.8,-0.5,-1.3,0.3,2017
Ed Davis,202334,PF,27,POR,46,789,11.5,0.563,0.0,0.57,13.4,20.7,17.1,4.8,0.9,2.2,17.2,12.0,1.0,0.7,1.7,0.104,-2.2,0.2,-2.0,0.0,2017
Edy Tavares,204002,C,24,TOT,2,28,21.3,0.633,0.0,0.6,16.3,26.7,21.6,5.1,0.0,17.3,24.0,13.2,0.0,0.1,0.1,0.15,-3.8,7.7,3.9,0.0,2017
Elfrid Payton,203901,PG,22,ORL,82,2412,17.2,0.52,0.16,0.231,3.9,13.8,8.7,35.7,1.8,1.3,15.0,21.6,2.4,2.0,4.4,0.088,0.7,0.2,0.9,1.7,2017
Elijah Millsap,202407,SG,29,PHO,2,23,-3.4,0.19,0.286,0.286,13.8,14.6,14.2,5.6,0.0,0.0,20.2,18.0,-0.1,0.0,-0.1,-0.233,-9.9,-3.3,-13.2,-0.1,2017
Emmanuel Mudiay,1626144,PG,20,DEN,55,1406,10.9,0.483,0.323,0.303,2.3,11.6,7.0,21.8,1.4,0.7,16.5,22.6,-0.4,0.5,0.2,0.006,-2.0,-1.8,-3.8,-0.6,2017
Enes Kanter,202683,C,24,OKC,72,1533,23.7,0.599,0.052,0.387,14.1,20.8,17.4,7.9,1.0,2.0,12.5,27.3,4.0,1.8,5.8,0.183,0.6,-1.9,-1.2,0.3,2017
Eric Bledsoe,202339,PG,27,PHO,66,2176,20.6,0.563,0.3,0.443,2.5,13.8,8.0,31.1,2.0,1.2,15.3,28.1,4.0,1.4,5.4,0.119,3.7,-0.4,3.3,2.9,2017
Eric Gordon,201569,SG,28,HOU,75,2323,13.1,0.557,0.651,0.172,1.4,8.1,4.7,12.3,1.0,1.4,10.0,22.1,2.5,1.4,3.8,0.079,1.0,-2.4,-1.4,0.4,2017
Ersan Ilyasova,101141,PF,29,TOT,82,2142,14.6,0.546,0.452,0.233,5.9,18.8,12.4,11.0,1.3,0.9,10.6,22.2,1.8,2.3,4.1,0.091,0.3,-0.8,-0.5,0.8,2017
Evan Fournier,203095,SG,24,ORL,68,2234,13.9,0.555,0.387,0.298,2.1,8.3,5.1,14.8,1.5,0.1,11.8,23.5,1.7,1.1,2.8,0.059,0.8,-2.2,-1.3,0.4,2017
Evan Turner,202323,SF,28,POR,65,1658,11.4,0.491,0.214,0.187,2.4,14.2,8.3,18.4,1.6,1.2,14.3,18.5,0.0,1.2,1.2,0.035,-2.5,-0.1,-2.6,-0.3,2017
Frank Kaminsky,1626163,C,23,CHO,75,1954,13.0,0.502,0.441,0.195,3.2,15.8,9.5,13.5,1.2,1.5,8.0,21.8,0.4,1.9,2.3,0.056,-0.8,-0.7,-1.5,0.2,2017
Fred VanVleet,1627832,PG,22,TOR,37,294,10.5,0.443,0.261,0.198,1.5,14.6,8.1,17.5,2.9,0.6,11.1,20.6,-0.1,0.4,0.3,0.041,-3.1,-0.1,-3.2,-0.1,2017
Garrett Temple,202066,SG,30,SAC,65,1728,11.2,0.545,0.509,0.171,2.2,10.0,6.1,14.5,2.5,1.5,14.4,14.2,0.9,1.3,2.2,0.062,-0.3,0.6,0.3,1.0,2017
Gary Harris,203914,SG,22,DEN,57,1782,16.5,0.611,0.4,0.21,3.0,8.0,5.5,13.6,1.9,0.3,9.8,18.4,3.9,0.7,4.6,0.124,3.1,-1.6,1.5,1.6,2017
Gary Neal,202390,SG,32,ATL,2,18,-4.3,0.228,0.286,0.571,0.0,6.0,3.1,7.1,0.0,0.0,0.0,21.2,-0.1,0.0,-0.1,-0.189,-11.8,-4.9,-16.6,-0.1,2017
Gary Payton II,1627780,PG,24,MIL,6,99,4.5,0.413,0.409,0.227,0.0,14.0,7.1,18.1,1.5,3.6,29.2,15.8,-0.3,0.1,-0.2,-0.074,-7.3,0.6,-6.7,-0.1,2017
George Hill,201588,PG,30,UTA,49,1544,19.3,0.599,0.384,0.323,1.8,10.5,6.2,22.6,1.7,0.6,10.9,23.5,4.0,1.9,5.9,0.182,3.8,-0.3,3.6,2.2,2017
Georges Niang,1627777,PF,23,IND,23,93,0.1,0.285,0.333,0.056,2.4,17.9,10.3,7.5,1.6,0.0,11.9,20.2,-0.4,0.1,-0.3,-0.168,-9.9,-2.2,-12.1,-0.2,2017
Georgios Papagiannis,1627834,C,19,SAC,22,355,12.7,0.573,0.02,0.137,7.9,19.9,14.0,9.0,0.4,4.4,18.2,16.9,0.1,0.3,0.4,0.058,-3.5,0.8,-2.7,-0.1,2017
Gerald Green,101123,SF,31,BOS,47,538,12.0,0.524,0.478,0.177,3.6,13.9,8.8,9.8,0.8,1.1,9.1,22.7,0.1,0.4,0.6,0.051,-1.9,-2.7,-4.7,-0.4,2017
Gerald Henderson,201945,SG,29,PHI,72,1667,10.8,0.529,0.313,0.298,2.2,10.0,6.1,10.5,1.2,0.7,9.0,17.9,1.0,1.0,2.1,0.059,-1.8,-1.2,-3.1,-0.5,2017
Giannis Antetokounmpo,203507,SF,22,MIL,80,2845,26.1,0.599,0.143,0.486,5.9,22.6,14.3,26.6,2.3,4.7,13.3,28.3,7.9,4.5,12.4,0.21,4.1,3.5,7.6,6.9,2017
Glenn Robinson III,203922,SF,23,IND,69,1426,11.5,0.564,0.37,0.225,4.5,14.6,9.6,4.7,1.4,1.2,9.1,12.8,1.3,1.2,2.5,0.085,-1.2,-0.2,-1.4,0.2,2017
Goran Dragic,201609,PG,30,MIA,73,2459,19.7,0.575,0.257,0.335,2.7,9.9,6.3,29.0,1.8,0.4,14.1,27.1,5.0,2.6,7.5,0.147,3.4,-0.7,2.7,2.9,2017
Gordon Hayward,202330,SF,26,UTA,73,2516,22.2,0.595,0.324,0.371,2.3,15.4,9.0,18.2,1.5,0.6,9.4,27.6,7.1,3.3,10.4,0.199,4.2,0.0,4.2,4.0,2017
Gorgui Dieng,203476,PF,27,MIN,82,2653,14.2,0.555,0.065,0.253,8.1,20.5,14.2,8.6,1.7,3.1,12.7,14.0,3.2,2.5,5.7,0.103,-0.5,2.2,1.7,2.5,2017
Greg Monroe,202328,C,26,MIL,81,1823,21.1,0.572,0.006,0.329,10.8,23.1,17.0,17.3,2.6,1.8,14.4,24.3,3.0,2.6,5.6,0.147,0.5,1.5,2.0,1.9,2017
Greivis Vasquez,202349,PG,30,BRK,3,39,4.1,0.376,0.375,0.375,0.0,5.4,2.7,17.5,1.2,1.9,9.7,11.3,0.0,0.0,0.0,-0.006,-5.7,-1.8,-7.5,-0.1,2017
Harrison Barnes,203084,PF,24,DAL,79,2803,16.3,0.541,0.173,0.22,3.7,13.2,8.2,7.8,1.2,0.5,6.8,25.3,2.5,2.1,4.6,0.079,-0.7,-1.2,-1.9,0.1,2017
Hassan Whiteside,202355,C,27,MIA,77,2513,22.6,0.579,0.0,0.368,12.8,35.3,24.0,3.8,1.1,5.0,12.0,22.7,4.2,5.3,9.5,0.181,-2.0,1.5,-0.5,0.9,2017
Henry Ellenson,1627740,PF,20,DET,19,146,7.5,0.444,0.547,0.125,5.8,25.6,15.3,7.2,0.3,0.6,17.2,24.7,-0.4,0.2,-0.2,-0.071,-5.8,-2.4,-8.2,-0.2,2017
Hollis Thompson,203138,SG,25,TOT,40,752,7.9,0.482,0.475,0.145,2.8,13.4,8.0,6.8,1.3,0.6,4.9,13.0,0.1,0.6,0.7,0.047,-2.8,-0.5,-3.3,-0.2,2017
Ian Clark,203546,SG,25,GSW,77,1137,13.1,0.575,0.376,0.134,2.3,9.1,5.9,11.2,1.7,0.6,10.7,19.5,1.0,1.3,2.3,0.099,-0.6,-1.4,-2.0,0.0,2017
Ian Mahinmi,101133,C,30,WAS,31,555,14.1,0.601,0.0,0.676,9.6,20.8,15.2,4.7,2.9,3.6,19.1,14.0,0.5,0.9,1.4,0.123,-2.1,2.9,0.8,0.4,2017
Iman Shumpert,202697,SG,26,CLE,76,1937,9.0,0.536,0.534,0.184,2.3,9.9,6.2,7.8,1.6,1.1,12.9,13.9,0.7,1.4,2.0,0.05,-1.3,0.0,-1.3,0.3,2017
Isaiah Canaan,203477,SG,25,CHI,39,592,8.1,0.483,0.543,0.191,1.1,7.9,4.5,9.0,1.9,0.1,9.6,15.3,0.0,0.5,0.5,0.044,-2.2,-1.2,-3.4,-0.2,2017
Isaiah Taylor,1627819,PG,22,HOU,4,52,0.3,0.19,0.286,0.286,2.1,4.2,3.1,7.1,0.9,1.6,0.0,6.4,-0.1,0.0,0.0,-0.028,-6.4,-0.1,-6.6,-0.1,2017
Isaiah Thomas,202738,PG,27,BOS,76,2569,26.5,0.625,0.439,0.441,1.9,7.0,4.4,32.6,1.4,0.4,10.7,34.0,10.9,1.6,12.6,0.235,8.8,-3.3,5.5,4.8,2017
Isaiah Whitehead,1627785,PG,21,BRK,73,1643,7.5,0.487,0.293,0.222,2.1,9.7,5.9,17.7,1.2,1.7,20.3,18.2,-1.7,0.9,-0.8,-0.023,-4.3,-0.6,-4.9,-1.2,2017
Ish Smith,202397,PG,28,DET,81,1955,14.7,0.477,0.14,0.136,1.1,12.4,6.6,32.5,1.6,1.4,12.4,20.5,0.9,2.2,3.1,0.076,-1.2,0.4,-0.8,0.6,2017
Ivica Zubac,1627826,C,19,LAL,38,609,17.0,0.547,0.013,0.206,7.1,21.9,14.3,8.1,1.1,4.4,10.4,20.3,0.6,0.5,1.1,0.086,-2.7,0.3,-2.5,-0.1,2017
J.J. Barea,200826,PG,32,DAL,35,771,17.2,0.521,0.431,0.149,1.3,11.9,6.3,44.2,0.9,0.1,14.7,26.2,0.8,0.5,1.3,0.08,2.0,-2.6,-0.6,0.3,2017
JJ Redick,200755,SG,32,LAC,78,2198,14.8,0.599,0.526,0.227,0.6,7.9,4.3,7.8,1.3,0.5,9.1,21.9,3.3,1.5,4.8,0.105,2.0,-2.0,0.0,1.1,2017
JR Smith,2747,SG,31,CLE,41,1187,8.1,0.484,0.761,0.042,1.6,8.6,5.2,7.3,1.7,0.7,6.7,14.6,0.1,0.8,0.8,0.034,-0.5,-0.7,-1.3,0.2,2017
JaMychal Green,203210,PF,26,MEM,77,2101,13.5,0.601,0.29,0.334,8.8,21.1,14.8,6.3,1.1,1.5,14.1,14.4,3.1,2.6,5.8,0.131,-0.4,1.0,0.6,1.4,2017
JaVale McGee,201580,C,29,GSW,77,739,25.2,0.642,0.013,0.348,15.8,20.1,18.1,3.8,1.2,7.1,9.8,23.8,2.0,1.5,3.5,0.225,0.2,0.6,0.8,0.5,2017
Jabari Parker,203953,PF,21,MIL,51,1728,19.1,0.563,0.219,0.268,5.4,15.7,10.6,14.3,1.5,1.1,9.2,26.5,2.6,1.5,4.1,0.113,1.5,-1.3,0.3,1.0,2017
Jae Crowder,203109,SF,26,BOS,72,2335,14.9,0.613,0.547,0.301,2.3,17.3,9.9,10.1,1.5,0.8,8.8,17.0,4.2,2.5,6.7,0.137,1.4,0.1,1.5,2.1,2017
Jahlil Okafor,1626143,C,21,PHI,50,1134,14.8,0.546,0.0,0.335,7.9,15.5,11.7,9.0,0.9,3.4,14.4,24.1,0.1,1.1,1.2,0.05,-3.4,0.1,-3.3,-0.4,2017
Jake Layman,1627774,SF,22,POR,35,249,4.9,0.404,0.573,0.191,2.7,8.0,5.3,6.2,1.8,1.0,10.2,19.0,-0.4,0.1,-0.3,-0.054,-4.7,-2.7,-7.4,-0.3,2017
Jakob Poeltl,1627751,C,21,TOR,54,626,12.2,0.589,0.0,0.496,14.1,15.7,14.9,2.7,1.4,2.8,17.2,12.1,0.9,0.7,1.6,0.125,-1.2,0.5,-0.7,0.2,2017
Jamal Crawford,2037,SG,36,LAC,82,2157,12.0,0.526,0.371,0.234,0.9,5.7,3.3,15.1,1.4,0.5,12.3,22.7,0.5,1.4,1.9,0.042,-1.0,-2.1,-3.0,-0.6,2017
Jamal Murray,1627750,SG,19,DEN,82,1764,11.9,0.518,0.471,0.164,2.6,10.7,6.7,14.0,1.4,1.1,12.6,21.6,0.6,0.7,1.4,0.037,-0.5,-2.1,-2.6,-0.3,2017
Jameer Nelson,2749,PG,34,DEN,75,2045,11.4,0.544,0.452,0.104,1.5,8.8,5.2,26.0,1.3,0.3,17.0,15.8,2.3,0.5,2.8,0.065,0.3,-2.3,-2.0,0.0,2017
James Ennis III,203516,SF,26,MEM,64,1501,10.6,0.581,0.427,0.343,5.1,14.9,9.9,6.5,1.6,1.2,13.8,13.0,1.4,1.7,3.2,0.101,-1.0,1.0,0.0,0.8,2017
James Harden,201935,PG,27,HOU,81,2947,27.3,0.613,0.493,0.575,3.5,20.9,12.2,50.7,2.0,1.0,19.5,34.2,11.5,3.6,15.0,0.245,8.7,1.5,10.1,9.0,2017
James Johnson,201949,PF,29,MIA,76,2085,17.0,0.564,0.333,0.28,3.5,16.6,9.9,20.9,1.8,3.2,16.5,22.0,1.9,3.2,5.1,0.117,0.5,2.2,2.7,2.5,2017
James Jones,2592,SF,36,CLE,48,381,11.3,0.655,0.717,0.217,0.9,9.8,5.5,5.2,0.9,2.1,9.0,13.0,0.6,0.2,0.8,0.104,0.0,-1.5,-1.5,0.0,2017
James Michael McAdoo,203949,PF,24,GSW,52,457,13.0,0.543,0.068,0.359,8.7,12.6,10.8,4.9,1.9,5.0,12.3,14.6,0.3,0.8,1.1,0.115,-2.8,2.3,-0.5,0.2,2017
James Young,203923,SG,21,BOS,29,220,10.0,0.549,0.603,0.155,3.1,10.0,6.6,2.6,2.3,0.7,6.1,13.3,0.1,0.2,0.3,0.076,-2.0,-1.1,-3.1,-0.1,2017
Jared Dudley,201162,PF,31,PHO,64,1362,10.6,0.579,0.587,0.188,2.4,15.9,9.0,12.5,1.5,0.9,16.1,13.7,1.1,0.7,1.8,0.065,-0.1,-0.1,-0.2,0.6,2017
Jared Sullinger,203096,PF,24,TOR,11,118,5.6,0.359,0.375,0.167,9.6,16.3,12.9,3.7,1.7,0.7,7.2,21.0,-0.2,0.1,-0.1,-0.04,-5.2,-2.6,-7.8,-0.2,2017
Jarell Eddie,204067,SF,25,PHO,5,62,9.7,0.523,0.842,0.474,1.7,10.8,6.1,0.0,0.8,0.0,4.2,16.2,0.1,0.0,0.1,0.054,-1.5,-5.9,-7.3,-0.1,2017
Jarell Martin,1626185,PF,22,MEM,42,558,8.7,0.477,0.166,0.331,8.4,25.3,16.6,2.2,1.6,1.5,13.9,16.4,-0.2,0.8,0.6,0.054,-5.8,-0.6,-6.4,-0.6,2017
Jarrett Jack,101127,PG,33,NOP,2,33,7.7,0.773,0.333,0.667,0.0,0.0,0.0,20.3,3.0,0.0,43.6,9.2,0.0,0.0,0.0,0.06,-5.3,-4.1,-9.3,-0.1,2017
Jarrod Uthoff,1627784,PF,23,DAL,9,115,13.9,0.487,0.237,0.184,7.7,14.8,11.1,12.8,0.9,3.1,6.8,18.1,0.1,0.1,0.2,0.083,-2.1,0.7,-1.4,0.0,2017
Jason Smith,201160,C,30,WAS,74,1068,13.6,0.598,0.237,0.155,6.8,20.4,13.6,5.0,1.0,4.3,14.2,16.7,1.0,1.3,2.3,0.103,-2.0,0.6,-1.3,0.2,2017
Jason Terry,1891,SG,39,MIL,74,1365,9.0,0.6,0.704,0.119,1.3,7.7,4.5,9.9,1.7,1.3,12.3,9.8,1.2,0.9,2.1,0.075,-0.5,-0.6,-1.1,0.3,2017
Jaylen Brown,1627759,SF,20,BOS,78,1341,10.3,0.539,0.319,0.293,3.8,14.4,9.1,7.2,1.3,1.1,12.5,18.1,0.2,1.3,1.5,0.053,-3.1,-0.9,-4.0,-0.7,2017
Jeff Green,201145,PF,30,ORL,69,1534,10.5,0.505,0.346,0.301,2.7,12.8,7.6,8.1,1.2,0.7,10.6,20.3,-0.2,0.9,0.7,0.022,-2.8,-1.8,-4.6,-1.0,2017
Jeff Teague,201952,PG,28,IND,82,2657,19.2,0.574,0.277,0.457,1.4,12.4,7.0,36.4,1.9,1.1,16.5,22.1,5.7,2.4,8.1,0.146,2.4,-0.6,1.9,2.6,2017
Jeff Withey,203481,C,26,UTA,51,432,18.8,0.588,0.01,0.466,14.3,17.9,16.2,2.5,1.9,6.0,10.1,14.9,1.0,0.9,1.8,0.205,-1.2,2.7,1.5,0.4,2017
Jerami Grant,203924,SF,22,TOT,80,1531,10.1,0.556,0.354,0.448,2.7,12.2,7.4,4.2,1.1,4.1,10.1,12.1,1.1,1.8,2.9,0.091,-3.0,0.9,-2.1,0.0,2017
Jeremy Lamb,203087,SG,24,CHO,62,1143,17.0,0.55,0.297,0.263,2.9,22.7,12.7,11.3,1.2,1.8,6.8,23.2,1.4,1.3,2.7,0.115,-0.8,-0.8,-1.7,0.1,2017
Jeremy Lin,202391,PG,28,BRK,36,883,19.2,0.566,0.39,0.353,1.3,14.7,8.1,35.5,2.2,1.2,15.7,26.6,1.3,0.8,2.1,0.115,2.5,-0.5,2.0,0.9,2017
Jerian Grant,1626170,PG,24,CHI,63,1028,13.1,0.555,0.445,0.243,1.8,9.9,5.8,17.3,2.3,0.6,11.7,16.0,1.3,1.2,2.5,0.118,0.0,-0.3,-0.3,0.4,2017
Jerryd Bayless,201573,PG,28,PHI,3,71,8.7,0.453,0.156,0.313,4.6,14.0,9.3,29.4,0.0,0.0,19.8,27.7,-0.1,0.0,-0.1,-0.067,-5.2,-2.9,-8.2,-0.1,2017
Jimmy Butler,202710,SF,27,CHI,76,2809,25.1,0.586,0.198,0.54,4.9,13.2,9.0,24.8,2.6,0.9,9.3,26.5,10.1,3.8,13.8,0.236,5.8,1.1,6.9,6.3,2017
Joakim Noah,201149,C,31,NYK,46,1015,15.2,0.493,0.005,0.388,17.0,25.7,21.3,14.1,1.5,3.0,19.8,12.5,1.1,1.2,2.3,0.107,-0.7,2.8,2.1,1.1,2017
Jodie Meeks,201975,SG,29,ORL,36,738,13.1,0.567,0.535,0.289,0.7,10.9,5.7,9.3,2.3,0.4,11.1,19.4,0.5,0.6,1.1,0.073,-0.4,-1.4,-1.8,0.0,2017
Joe Harris,203925,SG,25,BRK,52,1138,9.0,0.558,0.61,0.135,1.5,12.0,6.8,7.3,1.2,0.5,12.5,16.5,0.1,0.6,0.8,0.032,-1.4,-1.5,-3.0,-0.3,2017
Joe Ingles,204060,SF,29,UTA,82,1972,12.4,0.604,0.619,0.151,1.4,13.5,7.6,17.1,2.6,0.3,18.2,13.9,2.0,3.0,5.0,0.122,0.9,1.8,2.7,2.3,2017
Joe Johnson,2207,SF,35,UTA,78,1843,12.8,0.542,0.412,0.123,2.1,12.7,7.6,12.6,1.0,0.8,9.5,18.5,1.7,2.1,3.8,0.099,-0.1,-0.1,-0.2,0.8,2017
Joe Young,1626202,PG,24,IND,33,135,11.4,0.433,0.319,0.208,0.8,13.1,7.1,18.0,1.5,0.0,6.0,27.8,-0.2,0.1,-0.1,-0.022,-3.5,-3.8,-7.3,-0.2,2017
Joel Anthony,201202,C,34,SAS,19,122,11.6,0.64,0.0,0.5,7.6,20.9,14.4,3.4,0.8,4.0,17.0,8.7,0.1,0.2,0.4,0.141,-3.1,2.5,-0.6,0.0,2017
Joel Bolomboy,1627762,PF,23,UTA,12,53,19.7,0.59,0.25,0.375,9.0,27.6,18.5,6.3,1.0,3.1,9.7,18.2,0.1,0.1,0.2,0.171,-1.3,0.5,-0.8,0.0,2017
Joel Embiid,203954,C,22,PHI,31,786,24.1,0.584,0.228,0.569,8.5,25.6,17.0,16.0,1.7,7.7,17.9,36.0,0.5,1.5,1.9,0.117,0.0,3.2,3.2,1.0,2017
Joffrey Lauvergne,203530,C,25,TOT,70,980,12.6,0.509,0.292,0.217,8.0,20.1,14.1,10.8,1.3,0.5,13.2,18.5,0.4,1.1,1.5,0.075,-2.3,-0.9,-3.2,-0.3,2017
John Henson,203089,C,26,MIL,58,1123,15.3,0.55,0.003,0.346,9.6,20.8,15.3,7.7,1.3,6.1,13.0,16.6,1.1,1.6,2.7,0.115,-2.6,2.5,-0.1,0.5,2017
John Jenkins,203098,SG,25,PHO,4,13,17.3,0.595,0.4,0.4,0.0,8.6,4.2,11.5,0.0,0.0,0.0,18.9,0.0,0.0,0.0,0.167,1.4,-5.5,-4.1,0.0,2017
John Lucas III,101249,PG,34,MIN,5,11,9.1,0.25,0.25,0.0,0.0,0.0,0.0,12.5,9.2,0.0,0.0,16.1,0.0,0.0,0.0,-0.033,-6.0,0.4,-5.6,0.0,2017
John Wall,202322,PG,26,WAS,78,2836,23.2,0.541,0.19,0.367,2.3,10.6,6.5,46.9,2.7,1.4,16.2,30.6,5.7,3.0,8.8,0.148,3.8,0.2,4.0,4.3,2017
Johnny O'Bryant III,203948,PF,23,TOT,11,80,14.9,0.582,0.2,0.2,12.4,13.7,13.1,12.7,0.0,1.0,15.5,21.1,0.1,0.0,0.1,0.088,-0.2,-3.1,-3.3,0.0,2017
Jon Leuer,202720,PF,27,DET,75,1944,14.2,0.551,0.259,0.175,5.5,17.5,11.3,8.6,0.8,1.1,8.7,17.3,2.5,2.0,4.5,0.112,-0.4,0.5,0.2,1.1,2017
Jonas Jerebko,201973,PF,29,BOS,78,1232,9.3,0.537,0.496,0.141,5.5,19.1,12.3,8.1,1.0,1.1,12.3,11.4,0.8,1.3,2.1,0.081,-2.4,0.3,-2.1,0.0,2017
Jonas Valanciunas,202685,C,24,TOR,80,2066,20.1,0.601,0.003,0.309,12.4,29.1,20.8,4.4,0.9,2.6,11.7,19.5,4.9,3.0,7.9,0.183,-0.5,-0.1,-0.6,0.7,2017
Jonathan Gibson,1626780,PG,29,DAL,17,231,9.5,0.492,0.474,0.305,0.5,11.1,5.5,18.8,1.8,0.0,16.3,26.3,-0.3,0.2,-0.1,-0.03,-3.3,-2.2,-5.5,-0.2,2017
Jonathon Simmons,203613,SG,27,SAS,78,1392,9.9,0.504,0.242,0.314,1.7,11.1,6.5,13.2,1.7,1.5,13.7,18.0,-0.1,2.1,2.0,0.068,-2.8,0.9,-1.9,0.0,2017
Jordan Clarkson,203903,SG,24,LAL,82,2397,13.1,0.526,0.332,0.157,2.2,9.3,5.6,14.4,1.8,0.3,12.5,23.3,0.5,0.7,1.2,0.024,-0.5,-2.3,-2.7,-0.4,2017
Jordan Crawford,202348,SG,28,NOP,19,442,17.6,0.582,0.436,0.119,0.9,7.2,4.1,22.7,1.2,0.4,9.8,25.5,0.6,0.3,0.9,0.102,2.6,-3.0,-0.4,0.2,2017
Jordan Farmar,200770,PG,30,SAC,2,35,14.4,0.5,0.75,0.0,3.3,6.5,4.9,38.6,2.9,0.0,20.0,19.4,0.0,0.0,0.0,0.064,0.7,-3.8,-3.1,0.0,2017
Jordan Hill,201941,C,29,MIN,7,47,5.5,0.432,0.0,0.154,19.6,15.1,17.4,0.0,1.1,0.0,22.4,16.8,-0.1,0.0,0.0,-0.033,-6.7,-6.2,-12.9,-0.1,2017
Jordan McRae,203895,SG,25,CLE,37,384,9.7,0.488,0.34,0.227,1.8,9.5,5.7,7.4,1.0,1.3,7.8,20.8,-0.1,0.2,0.2,0.02,-3.7,-2.8,-6.5,-0.4,2017
Jordan Mickey,1626175,PF,22,BOS,25,141,9.8,0.473,0.029,0.412,10.4,16.4,13.4,7.1,1.1,3.5,18.3,15.5,-0.1,0.2,0.1,0.036,-5.7,0.9,-4.8,-0.1,2017
Jose Calderon,101181,PG,35,TOT,41,539,8.9,0.506,0.478,0.09,3.0,12.2,7.5,23.3,1.0,0.2,22.7,14.4,0.0,0.3,0.3,0.023,-2.9,-1.8,-4.7,-0.4,2017
Josh Huestis,203962,PF,25,OKC,2,31,26.1,0.612,0.364,0.091,14.3,17.9,16.1,15.5,0.0,7.7,0.0,15.7,0.1,0.0,0.2,0.265,3.9,1.8,5.7,0.1,2017
Josh McRoberts,201177,PF,29,MIA,22,381,9.8,0.439,0.263,0.076,6.6,15.0,10.7,18.9,1.3,0.8,15.9,16.9,-0.1,0.4,0.3,0.036,-2.9,0.5,-2.4,0.0,2017
Josh Richardson,1626196,SG,23,MIA,53,1614,10.7,0.493,0.442,0.15,2.4,9.2,5.8,12.7,1.9,1.9,10.6,16.8,0.3,1.9,2.2,0.066,-1.0,1.1,0.2,0.9,2017
Jrue Holiday,201950,PG,26,NOP,67,2190,17.1,0.532,0.314,0.188,2.2,10.6,6.4,35.9,2.2,1.6,16.7,23.5,1.2,2.6,3.8,0.084,1.2,0.5,1.7,2.0,2017
Juancho Hernangomez,1627823,PF,21,DEN,62,842,13.3,0.592,0.504,0.339,5.7,18.7,12.3,4.7,1.7,1.1,10.7,14.6,1.2,0.6,1.8,0.103,-0.1,-1.2,-1.3,0.1,2017
Julius Randle,203944,PF,22,LAL,74,2132,16.3,0.543,0.082,0.365,7.5,25.8,16.3,19.3,1.1,1.4,16.2,21.4,2.0,1.5,3.5,0.08,-0.7,0.7,0.0,1.1,2017
Justin Anderson,1626147,SF,23,TOT,75,1228,13.9,0.537,0.442,0.294,6.2,16.9,11.3,8.8,1.7,1.6,11.7,20.9,0.6,1.3,1.9,0.074,-1.2,-0.3,-1.6,0.1,2017
Justin Hamilton,203120,C,26,BRK,64,1177,13.6,0.55,0.478,0.137,6.5,17.0,11.8,7.3,1.2,2.8,9.7,16.2,1.0,1.0,2.1,0.084,-0.9,0.2,-0.8,0.4,2017
Justin Harper,202712,PF,27,PHI,3,31,4.9,0.5,0.583,0.0,7.1,10.7,8.9,10.5,0.0,0.0,25.0,22.4,-0.1,0.0,-0.1,-0.103,-5.1,-3.8,-8.8,-0.1,2017
Justin Holiday,203200,SG,27,NYK,82,1639,12.7,0.549,0.507,0.149,1.8,13.1,7.4,9.2,2.0,1.5,10.3,16.9,1.3,1.2,2.5,0.073,-0.3,-0.8,-1.1,0.4,2017
Justise Winslow,1626159,SF,20,MIA,18,625,8.2,0.399,0.156,0.209,4.0,12.7,8.3,15.5,2.2,0.8,11.8,19.8,-0.9,0.8,-0.1,-0.008,-4.0,1.3,-2.7,-0.1,2017
Jusuf Nurkic,203994,C,22,TOT,65,1391,17.5,0.528,0.002,0.393,12.3,24.8,18.6,13.9,1.8,4.2,18.6,23.9,0.2,1.8,2.0,0.068,-2.3,2.2,-0.2,0.6,2017
KJ McDaniels,203909,SF,23,TOT,49,505,11.5,0.555,0.391,0.225,3.2,14.1,8.7,4.0,1.8,2.8,13.5,18.1,0.0,0.5,0.5,0.051,-3.5,-0.6,-4.1,-0.3,2017
Karl-Anthony Towns,1626157,C,21,MIN,82,3030,26.0,0.618,0.186,0.289,11.2,27.8,19.4,13.2,1.0,2.9,11.3,27.5,9.9,2.8,12.7,0.201,4.8,0.3,5.0,5.4,2017
Kawhi Leonard,202695,SF,25,SAS,74,2474,27.5,0.611,0.294,0.407,3.7,15.7,9.8,18.9,2.7,1.8,9.1,31.1,8.9,4.7,13.6,0.264,6.4,1.5,7.9,6.2,2017
Kay Felder,1627770,PG,21,CLE,42,386,11.2,0.462,0.139,0.31,0.9,10.5,5.9,22.7,2.3,1.5,14.7,24.3,-0.3,0.4,0.0,0.004,-4.9,-1.2,-6.1,-0.4,2017
Kelly Olynyk,203482,C,25,BOS,75,1538,15.2,0.603,0.378,0.242,5.3,20.7,13.0,15.2,1.4,1.5,14.6,19.0,2.2,1.9,4.1,0.127,0.1,0.5,0.7,1.0,2017
Kelly Oubre Jr.,1626162,SF,21,WAS,79,1605,9.1,0.516,0.425,0.224,4.3,13.9,9.1,4.0,1.8,0.9,9.2,14.5,0.6,1.4,2.1,0.062,-1.8,-0.5,-2.3,-0.1,2017
Kemba Walker,202689,PG,26,CHO,79,2739,21.3,0.569,0.415,0.248,1.8,10.6,6.2,29.1,1.6,0.7,9.5,29.2,5.9,2.2,8.1,0.142,5.3,-1.7,3.6,3.9,2017
Kenneth Faried,202702,PF,27,DEN,61,1296,20.3,0.588,0.014,0.454,15.7,23.6,19.7,6.3,1.6,2.4,10.4,18.3,3.4,1.2,4.6,0.169,0.9,-0.1,0.8,0.9,2017
Kent Bazemore,203145,SF,27,ATL,73,1963,11.5,0.504,0.369,0.233,2.6,10.3,6.5,14.2,2.3,2.3,13.6,20.5,-0.6,2.8,2.1,0.053,-2.0,1.2,-0.8,0.6,2017
Kentavious Caldwell-Pope,203484,SG,23,DET,76,2529,12.8,0.519,0.471,0.199,2.3,8.7,5.3,11.2,1.8,0.4,7.9,19.2,2.0,2.5,4.5,0.086,0.9,0.0,0.9,1.9,2017
Kevin Durant,201142,SF,28,GSW,62,2070,27.6,0.651,0.304,0.374,2.2,23.6,13.6,23.1,1.5,3.8,10.4,27.8,8.0,4.0,12.0,0.277,5.4,2.6,8.0,5.2,2017
Kevin Love,201567,PF,28,CLE,60,1885,21.1,0.573,0.449,0.34,8.9,29.3,19.5,9.8,1.4,0.9,10.9,26.4,4.0,2.4,6.4,0.163,1.7,-0.9,0.8,1.3,2017
Kevin Seraphin,202338,PF,27,IND,49,559,14.4,0.559,0.01,0.111,8.3,20.0,14.3,6.7,0.6,3.1,12.3,19.0,0.4,0.6,1.0,0.082,-3.1,-0.6,-3.7,-0.2,2017
Kevon Looney,1626172,C,20,GSW,53,447,13.4,0.553,0.084,0.318,11.5,18.5,15.2,8.5,1.5,3.0,12.2,13.4,0.7,0.8,1.4,0.154,-1.4,1.7,0.3,0.3,2017
Khris Middleton,203114,SF,25,MIL,29,889,15.0,0.57,0.312,0.276,1.5,14.5,8.1,17.5,2.3,0.7,14.8,22.5,0.7,0.9,1.6,0.085,0.0,-0.6,-0.5,0.3,2017
Klay Thompson,202691,SG,26,GSW,78,2649,17.4,0.592,0.47,0.158,2.2,9.2,5.9,9.3,1.2,1.2,8.0,26.1,4.2,2.9,7.1,0.128,2.4,-2.1,0.3,1.5,2017
Kosta Koufos,201585,C,27,SAC,71,1419,13.8,0.56,0.003,0.158,9.7,22.9,16.4,5.3,1.3,3.1,12.7,15.3,1.2,1.4,2.6,0.089,-2.6,0.7,-1.9,0.0,2017
Kris Dunn,1627739,PG,22,MIN,78,1333,8.1,0.432,0.233,0.188,2.1,12.6,7.3,19.4,3.0,2.3,20.8,14.2,-1.2,1.3,0.1,0.004,-3.7,1.5,-2.2,-0.1,2017
Kris Humphries,2743,PF,31,ATL,56,689,13.6,0.514,0.252,0.383,9.7,23.0,16.4,6.4,1.1,2.6,10.1,17.6,0.6,1.1,1.6,0.115,-3.0,0.3,-2.7,-0.1,2017
Kristaps Porzingis,204001,PF,21,NYK,66,2164,17.4,0.546,0.319,0.256,5.5,18.2,11.8,7.3,1.1,4.9,9.7,24.3,2.4,2.1,4.5,0.1,0.2,0.0,0.2,1.2,2017
Kyle Anderson,203937,SG,23,SAS,72,1020,12.5,0.525,0.191,0.273,3.7,19.0,11.5,12.4,2.5,2.1,14.3,12.1,0.7,2.0,2.7,0.127,-2.1,3.7,1.6,0.9,2017
Kyle Korver,2594,SG,35,TOT,67,1753,12.1,0.635,0.697,0.082,0.5,11.0,5.9,9.4,1.0,1.0,11.5,15.2,2.3,1.3,3.7,0.101,0.8,-1.0,-0.2,0.8,2017
Kyle Lowry,200768,PG,30,TOR,60,2244,22.9,0.623,0.51,0.398,2.4,12.1,7.3,29.9,2.0,0.7,13.8,24.9,7.8,2.3,10.1,0.216,7.1,-0.4,6.7,4.9,2017
Kyle O'Quinn,203124,C,26,NYK,79,1229,20.5,0.552,0.041,0.201,13.7,24.8,19.2,14.8,1.5,6.9,14.5,18.5,2.1,1.8,3.9,0.151,-0.1,3.7,3.5,1.7,2017
Kyle Singler,202713,SF,28,OKC,32,385,5.9,0.486,0.446,0.205,2.3,11.5,6.9,3.2,0.9,1.0,10.8,11.2,0.0,0.3,0.3,0.034,-4.6,-1.3,-5.9,-0.4,2017
Kyle Wiltjer,1627787,PF,24,HOU,14,44,6.7,0.437,0.929,0.143,9.9,14.9,12.4,6.1,3.3,1.8,25.2,19.1,-0.1,0.1,0.0,-0.039,-4.0,0.0,-4.0,0.0,2017
Kyrie Irving,202681,PG,24,CLE,72,2525,23.0,0.58,0.311,0.231,2.3,7.5,5.0,29.7,1.6,0.8,10.3,30.8,7.4,1.5,8.9,0.17,4.8,-2.3,2.5,2.9,2017
LaMarcus Aldridge,200746,PF,31,SAS,72,2335,18.6,0.532,0.053,0.258,8.6,16.6,12.7,9.9,1.0,3.1,7.7,24.5,3.5,3.7,7.3,0.149,-0.3,1.4,1.1,1.8,2017
Lamar Patterson,203934,SG,25,ATL,5,40,-1.9,0.276,0.4,0.2,2.8,16.3,9.6,21.1,1.2,0.0,19.7,22.2,-0.2,0.0,-0.1,-0.176,-9.9,-1.2,-11.2,-0.1,2017
Lance Stephenson,202362,SG,26,TOT,18,361,9.6,0.485,0.167,0.108,1.2,14.8,8.0,24.8,0.7,0.7,17.1,18.7,-0.2,0.2,0.1,0.009,-3.9,-1.5,-5.4,-0.3,2017
Lance Thomas,202498,PF,28,NYK,46,968,8.4,0.516,0.348,0.209,3.6,12.3,7.9,5.0,1.1,0.4,8.6,13.1,0.6,0.4,0.9,0.046,-2.1,-1.6,-3.7,-0.4,2017
Langston Galloway,204038,PG,25,TOT,74,1495,10.4,0.51,0.565,0.117,1.9,9.3,5.6,9.4,1.5,0.3,7.4,18.4,0.2,1.1,1.3,0.041,-0.9,-1.7,-2.6,-0.2,2017
Larry Nance Jr.,1626204,PF,24,LAL,63,1442,15.8,0.567,0.1,0.222,8.8,19.6,14.0,9.7,2.8,2.3,12.4,13.4,2.1,1.5,3.5,0.118,-0.3,2.3,2.0,1.5,2017
Larry Sanders,202336,C,28,CLE,5,13,6.5,0.41,0.0,0.5,26.3,8.2,17.0,0.0,3.8,6.2,29.1,23.6,0.0,0.0,0.0,-0.029,-8.7,-0.9,-9.6,0.0,2017
Lavoy Allen,202730,PF,27,IND,61,871,11.6,0.485,0.006,0.196,13.7,14.6,14.2,9.1,1.0,2.4,13.7,10.9,0.9,0.8,1.7,0.093,-1.5,1.3,-0.3,0.4,2017
LeBron James,2544,SF,32,CLE,74,2794,27.0,0.619,0.254,0.395,4.0,20.7,12.6,41.3,1.6,1.3,16.1,30.0,9.8,3.0,12.9,0.221,6.8,1.6,8.4,7.3,2017
Leandro Barbosa,2571,SG,34,PHO,67,963,11.5,0.509,0.25,0.115,1.6,10.3,5.9,13.0,1.5,0.7,10.4,20.0,0.3,0.4,0.6,0.031,-2.0,-2.1,-4.1,-0.5,2017
Lou Williams,101150,SG,30,TOT,81,1994,21.4,0.593,0.447,0.458,1.4,9.9,5.5,19.9,1.9,0.8,11.8,29.1,5.1,1.0,6.1,0.147,3.7,-3.0,0.8,1.4,2017
Luc Mbah a Moute,201601,SF,30,LAC,80,1787,10.3,0.581,0.291,0.23,3.0,7.7,5.4,3.1,2.3,1.6,10.1,11.6,1.3,1.8,3.1,0.084,-0.8,1.5,0.7,1.2,2017
Lucas Nogueira,203512,C,24,TOR,57,1088,15.5,0.682,0.077,0.429,8.5,16.7,12.6,5.4,2.4,7.2,19.9,9.5,1.7,2.0,3.7,0.164,-0.1,5.6,5.4,2.0,2017
Luis Scola,2449,PF,36,BRK,36,461,13.9,0.55,0.331,0.245,11.9,20.0,16.0,12.7,1.4,0.7,16.9,18.7,0.4,0.4,0.8,0.082,-0.8,-0.4,-1.2,0.1,2017
Luke Babbitt,202337,SF,27,MIA,68,1065,8.4,0.563,0.747,0.053,1.3,13.5,7.4,4.8,1.0,0.8,8.0,13.0,0.8,1.0,1.8,0.082,-1.0,-0.8,-1.8,0.1,2017
Luol Deng,2736,SF,31,LAL,56,1486,10.1,0.47,0.389,0.149,4.5,17.7,10.8,7.0,1.6,1.1,8.7,14.2,0.1,0.8,0.9,0.029,-2.3,-0.2,-2.5,-0.2,2017
Malachi Richardson,1627781,SG,21,SAC,22,198,9.6,0.517,0.412,0.279,1.8,11.5,6.7,8.7,1.3,0.5,9.5,19.3,0.0,0.1,0.1,0.028,-2.5,-3.0,-5.5,-0.2,2017
Malcolm Brogdon,1627763,SG,24,MIL,75,1982,14.9,0.555,0.304,0.198,2.8,9.6,6.3,24.3,2.2,0.5,14.1,18.5,2.6,1.5,4.1,0.1,0.6,-1.1,-0.5,0.8,2017
Malcolm Delaney,1627098,PG,27,ATL,73,1248,7.5,0.456,0.284,0.24,1.0,9.8,5.5,23.1,1.5,0.1,18.1,18.3,-1.1,1.3,0.1,0.005,-4.6,-1.2,-5.8,-1.2,2017
Malik Beasley,1627736,SG,20,DEN,22,165,13.7,0.536,0.384,0.137,3.4,8.0,5.7,10.2,2.1,0.0,9.4,22.0,0.1,0.1,0.2,0.057,-0.5,-3.5,-3.9,-0.1,2017
Manny Harris,202412,SG,27,DAL,4,25,-2.2,0.239,0.133,0.267,13.3,29.3,20.9,12.7,0.0,0.0,10.7,35.4,-0.2,0.0,-0.2,-0.364,-15.1,-3.8,-18.8,-0.1,2017
Manu Ginobili,1938,SG,39,SAS,69,1291,13.9,0.532,0.517,0.244,2.5,11.1,6.9,20.8,3.2,1.0,16.5,20.4,0.6,2.4,3.0,0.11,0.5,1.4,1.9,1.3,2017
Marc Gasol,201188,C,32,MEM,74,2531,20.2,0.554,0.231,0.286,2.6,18.7,10.4,24.8,1.4,3.7,11.3,26.4,4.2,3.5,7.7,0.145,2.1,2.2,4.2,4.0,2017
Marcelo Huertas,1626273,PG,33,LAL,23,237,9.1,0.417,0.279,0.25,0.9,10.5,5.5,30.8,2.1,0.7,20.1,17.0,-0.2,0.1,-0.1,-0.025,-4.6,-2.4,-7.0,-0.3,2017
Marcin Gortat,101162,C,32,WAS,82,2556,15.5,0.593,0.003,0.236,10.6,26.8,18.7,6.8,0.8,2.1,13.7,14.7,3.9,2.9,6.8,0.128,-0.9,1.2,0.4,1.5,2017
Marco Belinelli,201158,SG,30,CHO,74,1778,13.3,0.566,0.46,0.273,0.9,10.2,5.5,13.1,1.2,0.4,9.2,19.2,2.0,1.2,3.2,0.088,0.1,-2.0,-1.9,0.1,2017
Marcus Georges-Hunt,1627875,SG,22,ORL,5,48,10.2,0.614,0.286,1.429,2.2,18.7,10.2,8.3,1.0,0.0,14.9,12.3,0.1,0.0,0.1,0.107,-3.4,-1.3,-4.7,0.0,2017
Marcus Morris,202694,SF,27,DET,79,2565,12.4,0.508,0.355,0.184,3.2,12.8,7.8,9.4,1.0,0.8,7.4,20.3,1.4,2.4,3.9,0.072,-0.3,-0.2,-0.5,1.0,2017
Marcus Smart,203935,SG,22,BOS,79,2399,12.0,0.486,0.443,0.334,3.7,10.5,7.1,22.0,2.6,1.2,15.6,18.8,0.5,2.7,3.2,0.064,-1.1,0.9,-0.3,1.0,2017
Marcus Thornton,201977,SG,29,WAS,33,575,10.4,0.494,0.381,0.129,4.3,10.5,7.5,10.1,1.6,0.4,10.1,18.7,0.1,0.4,0.5,0.042,-1.6,-1.5,-3.2,-0.2,2017
Mario Hezonja,1626209,SF,21,ORL,65,960,7.2,0.45,0.436,0.152,2.2,14.7,8.3,9.6,1.5,1.2,14.1,18.8,-1.4,0.7,-0.7,-0.034,-4.8,-1.0,-5.8,-0.9,2017
Markieff Morris,202693,PF,27,WAS,76,2374,13.7,0.54,0.22,0.242,5.1,18.2,11.7,7.8,1.7,1.5,11.6,20.5,1.6,2.5,4.1,0.083,-1.3,0.2,-1.0,0.6,2017
Marquese Chriss,1627737,PF,19,PHO,82,1743,12.3,0.529,0.354,0.286,5.8,16.1,10.8,5.2,1.8,3.2,13.2,19.7,0.3,1.5,1.8,0.05,-1.6,0.0,-1.6,0.2,2017
Marreese Speights,201578,C,29,LAC,82,1286,17.6,0.584,0.505,0.25,7.9,24.1,16.2,8.1,0.9,2.6,10.2,23.6,2.5,1.7,4.2,0.156,1.5,-0.8,0.7,0.9,2017
Marshall Plumlee,1627850,C,24,NYK,21,170,10.9,0.521,0.0,0.633,14.5,17.8,16.2,8.1,1.2,1.9,23.8,12.8,0.0,0.1,0.2,0.048,-2.9,0.1,-2.8,0.0,2017
Marvin Williams,101107,PF,30,CHO,76,2295,13.7,0.551,0.503,0.213,4.2,19.7,11.9,7.1,1.3,2.0,7.2,16.3,2.4,2.6,5.0,0.105,-0.3,0.5,0.2,1.3,2017
Mason Plumlee,203486,C,26,TOT,81,2148,18.1,0.558,0.01,0.482,8.8,22.5,15.6,19.8,1.6,3.4,15.2,18.1,3.6,2.5,6.0,0.134,0.0,2.6,2.6,2.5,2017
Matt Barnes,2440,SF,36,TOT,74,1777,10.3,0.514,0.556,0.188,4.6,19.9,12.4,15.6,1.3,1.3,17.3,15.6,0.3,1.7,2.0,0.053,-1.2,0.6,-0.6,0.6,2017
Matthew Dellavedova,203521,PG,26,MIL,76,1986,9.4,0.501,0.403,0.18,1.4,7.1,4.3,25.7,1.4,0.0,18.8,16.3,0.3,0.9,1.2,0.029,-1.9,-2.8,-4.7,-1.4,2017
Maurce Harkless,203090,SF,23,POR,77,2223,13.2,0.57,0.311,0.199,6.2,10.8,8.5,6.0,1.9,2.5,11.1,15.1,2.4,1.9,4.2,0.092,0.0,0.8,0.8,1.5,2017
Maurce Ndour,1626254,PF,24,NYK,32,331,11.3,0.503,0.081,0.302,7.1,13.7,10.4,3.5,2.3,2.0,11.0,14.3,0.1,0.3,0.4,0.059,-3.5,-0.3,-3.8,-0.1,2017
Metta World Peace,1897,SF,37,LAL,25,160,6.2,0.38,0.559,0.235,3.3,10.6,6.8,9.8,2.7,1.0,8.5,21.9,-0.3,0.1,-0.2,-0.065,-4.2,-2.4,-6.6,-0.2,2017
Meyers Leonard,203086,PF,24,POR,74,1222,8.9,0.507,0.563,0.106,2.4,19.0,10.7,8.4,0.5,1.8,8.1,15.5,0.5,0.8,1.4,0.053,-2.1,-1.3,-3.4,-0.4,2017
Michael Beasley,201563,PF,28,MIL,56,935,17.8,0.584,0.106,0.259,5.0,18.9,12.0,9.9,1.5,2.5,12.7,25.3,0.8,1.0,1.8,0.093,-1.7,-1.1,-2.9,-0.2,2017
Michael Carter-Williams,203487,PG,25,CHI,45,846,9.9,0.437,0.209,0.252,3.0,16.4,9.7,20.0,2.3,2.2,16.3,20.9,-1.0,1.3,0.2,0.013,-4.1,1.7,-2.4,-0.1,2017
Michael Gbinije,1627771,SG,24,DET,9,32,-2.1,0.184,0.4,0.2,6.6,3.5,5.1,7.9,0.0,0.0,0.0,15.0,-0.1,0.0,-0.1,-0.136,-7.7,-2.8,-10.4,-0.1,2017
Michael Kidd-Gilchrist,203077,SF,23,CHO,81,2349,14.3,0.528,0.015,0.314,7.3,19.3,13.2,7.4,1.7,2.9,7.4,14.6,2.7,3.1,5.8,0.119,-2.0,2.2,0.2,1.3,2017
Mike Conley,201144,PG,29,MEM,69,2292,23.2,0.604,0.415,0.365,1.5,10.8,6.0,34.5,2.1,0.8,11.8,26.3,7.5,2.5,10.0,0.209,6.5,-0.7,5.8,4.5,2017
Mike Dunleavy,2399,SF,36,TOT,53,841,10.1,0.573,0.609,0.205,2.4,12.4,7.5,8.6,0.9,0.7,10.5,14.0,0.8,0.7,1.5,0.086,-1.0,-1.2,-2.2,0.0,2017
Mike Miller,2034,SF,36,DEN,20,151,7.8,0.586,0.87,0.087,2.2,26.1,14.3,18.3,0.6,0.0,35.2,10.4,0.0,0.1,0.1,0.021,-3.0,-0.8,-3.8,-0.1,2017
Mike Muscala,203488,C,25,ATL,70,1237,14.4,0.596,0.326,0.19,6.9,14.4,10.7,11.9,1.2,2.8,13.1,14.8,1.8,1.6,3.4,0.132,-0.4,1.5,1.1,1.0,2017
Mike Scott,203118,PF,28,ATL,18,195,5.9,0.36,0.458,0.136,5.7,15.0,10.4,12.5,1.0,1.3,11.3,15.8,-0.3,0.2,-0.1,-0.014,-5.3,-0.1,-5.3,-0.2,2017
Mike Tobey,1627861,C,22,CHO,2,25,-0.1,0.25,0.0,0.0,8.7,4.4,6.6,5.4,0.0,0.0,20.0,9.0,0.0,0.0,0.0,-0.07,-7.4,-1.5,-8.9,0.0,2017
Miles Plumlee,203101,C,28,TOT,45,484,8.4,0.518,0.0,0.424,9.0,13.3,11.1,6.1,1.9,2.4,21.6,13.1,-0.1,0.5,0.5,0.045,-4.4,0.7,-3.6,-0.2,2017
Mindaugas Kuzminskas,1627851,SF,27,NYK,68,1016,12.4,0.533,0.455,0.184,5.0,8.4,6.7,10.3,1.4,0.9,11.3,19.2,0.8,0.4,1.2,0.055,-0.2,-2.5,-2.7,-0.2,2017
Mirza Teletovic,203141,PF,31,MIL,70,1133,8.8,0.515,0.73,0.108,1.1,15.4,8.3,6.4,0.5,1.0,7.8,19.1,-0.1,0.7,0.6,0.025,-1.5,-3.4,-4.9,-0.8,2017
Monta Ellis,101145,SG,31,IND,74,1998,10.0,0.514,0.242,0.23,1.1,10.3,5.7,17.2,2.0,1.2,18.0,16.8,-0.7,1.7,1.1,0.026,-2.5,0.2,-2.3,-0.2,2017
Montrezl Harrell,1626149,C,23,HOU,58,1064,19.2,0.662,0.02,0.351,8.3,14.2,11.2,9.6,0.9,3.2,9.9,17.6,3.1,1.0,4.1,0.183,0.8,0.2,0.9,0.8,2017
Myles Turner,1626167,C,20,IND,81,2541,18.5,0.585,0.132,0.349,6.2,19.5,13.0,6.6,1.5,6.0,9.5,19.5,4.3,3.7,8.0,0.151,-0.3,2.7,2.4,2.8,2017
Nemanja Bjelica,202357,PF,28,MIN,65,1190,11.0,0.526,0.497,0.171,5.5,18.6,12.0,9.6,1.7,1.4,13.4,16.4,0.6,0.9,1.5,0.059,-0.7,-0.4,-1.1,0.3,2017
Nene,2403,C,34,HOU,67,1198,18.9,0.63,0.023,0.496,8.6,16.9,12.8,8.6,2.2,2.7,13.1,19.7,2.5,1.6,4.1,0.165,-0.4,0.9,0.5,0.8,2017
Nerlens Noel,203457,C,22,TOT,51,1047,20.4,0.622,0.003,0.359,9.8,22.3,15.9,8.1,3.1,4.1,12.5,17.6,2.1,1.9,4.0,0.182,-0.5,3.8,3.3,1.4,2017
Nick Collison,2555,PF,36,OKC,20,128,12.8,0.622,0.043,0.348,7.8,18.2,13.0,13.2,0.8,1.2,13.1,10.1,0.3,0.1,0.4,0.144,-1.7,-0.1,-1.8,0.0,2017
Nick Young,201156,SG,31,LAL,60,1556,14.1,0.588,0.665,0.142,1.7,8.2,4.8,5.8,1.2,0.7,5.1,19.5,3.0,0.2,3.2,0.098,2.6,-3.4,-0.7,0.5,2017
Nicolas Batum,201587,SG,28,CHO,77,2617,15.8,0.529,0.415,0.291,1.9,18.4,10.1,27.6,1.6,1.0,15.0,22.3,1.7,2.8,4.5,0.083,0.6,0.6,1.2,2.1,2017
Nicolas Brussino,1627852,SF,23,DAL,54,521,10.7,0.498,0.674,0.156,5.5,16.2,10.6,13.9,1.7,1.4,14.7,16.0,0.0,0.6,0.6,0.055,-1.7,0.7,-1.0,0.1,2017
Nicolas Laprovittola,1627879,PG,27,SAS,18,174,8.4,0.579,0.574,0.191,0.7,5.7,3.3,23.0,1.2,0.5,27.2,18.2,0.0,0.2,0.2,0.044,-2.5,-2.4,-4.9,-0.1,2017
Nik Stauskas,203917,SG,23,PHI,80,2188,9.0,0.54,0.566,0.237,1.1,10.3,5.7,12.9,1.0,1.2,15.5,16.4,0.1,1.4,1.4,0.031,-1.7,-0.7,-2.4,-0.2,2017
Nikola Jokic,203999,C,21,DEN,73,2038,26.4,0.64,0.163,0.267,11.6,27.2,19.5,28.8,1.5,2.1,15.2,23.5,7.7,2.0,9.7,0.229,6.2,2.2,8.3,5.3,2017
Nikola Mirotic,202703,PF,25,CHI,70,1679,14.5,0.546,0.603,0.205,3.9,20.9,12.3,6.9,1.6,2.7,10.4,19.8,1.3,2.5,3.8,0.108,0.0,0.5,0.4,1.0,2017
Nikola Vucevic,202696,C,26,ORL,75,2163,19.1,0.498,0.073,0.155,8.6,31.2,19.6,16.9,1.8,2.8,9.6,24.8,0.8,3.2,4.0,0.088,-1.3,2.4,1.1,1.7,2017
Noah Vonleh,203943,PF,21,POR,74,1265,10.8,0.525,0.074,0.348,11.4,22.5,17.0,3.4,1.2,1.7,17.1,13.1,0.6,1.2,1.8,0.069,-3.5,-0.3,-3.9,-0.6,2017
Norman Powell,1626181,SG,23,TOR,76,1368,14.0,0.552,0.342,0.314,2.2,11.7,6.9,9.3,1.9,0.9,10.8,21.1,1.4,1.4,2.8,0.097,-0.4,-1.2,-1.5,0.2,2017
Norris Cole,202708,PG,28,OKC,13,125,5.4,0.381,0.25,0.192,0.0,9.8,4.9,16.3,3.1,0.0,11.0,21.5,-0.2,0.2,-0.1,-0.033,-6.5,-1.7,-8.2,-0.2,2017
Okaro White,1627855,PF,24,MIA,35,471,7.5,0.507,0.391,0.253,5.8,13.5,9.6,6.0,1.1,1.7,15.7,10.8,0.1,0.5,0.6,0.066,-3.1,0.9,-2.1,0.0,2017
Omer Asik,201600,C,30,NOP,31,482,9.8,0.517,0.0,0.6,10.4,25.3,17.8,4.2,0.5,1.7,14.6,8.8,0.4,0.6,1.0,0.1,-4.3,1.2,-3.1,-0.1,2017
Omri Casspi,201956,SF,28,TOT,36,643,9.9,0.523,0.261,0.176,4.9,15.2,10.1,8.6,1.8,0.4,14.0,14.5,0.1,0.4,0.5,0.037,-2.5,-0.6,-3.0,-0.2,2017
Otto Porter Jr.,203490,SF,23,WAS,80,2605,17.3,0.628,0.425,0.148,5.1,17.1,11.1,6.7,2.2,1.3,4.8,15.1,6.5,2.9,9.4,0.173,3.0,0.9,3.9,3.9,2017
PJ Tucker,200782,SF,31,TOT,81,2236,10.5,0.516,0.407,0.193,5.6,17.8,11.6,6.0,2.5,0.7,11.2,11.2,1.4,2.2,3.6,0.078,-0.7,1.6,0.9,1.6,2017
Pascal Siakam,1627783,PF,22,TOR,55,859,11.5,0.523,0.034,0.156,8.4,15.9,12.2,2.9,1.5,4.5,13.1,13.1,0.4,1.2,1.6,0.089,-3.0,1.8,-1.1,0.2,2017
Pat Connaughton,1626192,SG,24,POR,39,316,11.8,0.645,0.458,0.125,3.5,14.8,9.1,12.7,0.9,0.5,18.3,13.0,0.4,0.2,0.6,0.09,-0.9,-1.6,-2.5,0.0,2017
Patricio Garino,1627868,SG,23,ORL,5,43,-9.2,0.0,0.714,0.0,2.5,15.6,8.9,0.0,0.0,0.0,30.0,10.2,-0.2,0.0,-0.2,-0.25,-14.1,-3.3,-17.3,-0.2,2017
Patrick Beverley,201976,SG,28,HOU,67,2058,13.0,0.546,0.53,0.175,5.0,15.9,10.4,18.8,2.3,1.0,14.6,14.1,2.9,2.4,5.3,0.124,0.8,1.5,2.3,2.2,2017
Patrick McCaw,1627775,SG,21,GSW,71,1074,8.6,0.54,0.502,0.151,2.4,7.6,5.2,9.0,1.4,1.1,12.1,11.9,0.6,1.2,1.7,0.077,-1.6,-0.1,-1.7,0.1,2017
Patrick Patterson,202335,PF,27,TOR,65,1599,10.8,0.542,0.659,0.156,4.4,16.2,10.3,6.6,1.3,1.2,8.5,12.5,1.7,1.6,3.3,0.1,0.5,0.4,0.9,1.2,2017
Patty Mills,201988,PG,28,SAS,80,1754,15.2,0.577,0.572,0.129,1.6,7.4,4.6,24.3,1.9,0.1,13.3,19.5,2.8,2.2,5.1,0.139,2.5,-1.2,1.3,1.5,2017
Pau Gasol,2200,C,36,SAS,64,1627,20.2,0.578,0.172,0.305,7.6,26.8,17.4,14.7,0.8,3.5,10.6,21.3,3.3,3.1,6.4,0.189,0.9,2.8,3.7,2.4,2017
Paul George,202331,SF,26,IND,75,2689,20.2,0.586,0.368,0.277,2.5,17.9,10.3,16.1,2.2,0.9,12.6,28.9,4.0,3.1,7.1,0.127,3.1,-0.3,2.8,3.2,2017
Paul Millsap,200794,PF,31,ATL,69,2343,17.8,0.542,0.248,0.417,5.3,19.5,12.5,17.9,1.9,2.3,12.1,24.4,2.6,3.8,6.4,0.132,0.5,2.1,2.7,2.7,2017
Paul Pierce,1718,SF,39,LAC,25,277,5.7,0.535,0.614,0.186,0.4,18.5,9.7,5.0,0.7,1.5,17.4,14.8,-0.2,0.3,0.1,0.015,-3.9,-0.5,-4.4,-0.2,2017
Paul Zipser,1627835,SF,22,CHI,44,843,6.9,0.503,0.448,0.181,1.9,14.2,8.0,6.1,0.9,1.5,14.4,14.4,-0.3,0.8,0.5,0.03,-3.6,-0.1,-3.7,-0.4,2017
Pierre Jackson,203510,PG,25,DAL,8,84,13.0,0.416,0.282,0.179,1.3,11.6,6.2,38.0,1.2,0.0,6.7,25.3,0.0,0.1,0.0,0.021,-1.7,-2.8,-4.4,-0.1,2017
Quincy Acy,203112,PF,26,TOT,38,558,11.8,0.565,0.529,0.353,3.9,18.0,11.0,4.9,1.2,2.0,9.7,16.8,0.5,0.5,0.9,0.082,-1.8,-1.2,-3.0,-0.1,2017
Quinn Cook,1626188,PG,23,TOT,14,188,11.8,0.579,0.394,0.076,0.6,3.6,2.0,22.8,1.1,0.0,16.0,19.6,0.1,0.1,0.2,0.047,-1.7,-4.2,-5.9,-0.2,2017
Rajon Rondo,200765,PG,30,CHI,69,1843,13.6,0.461,0.237,0.089,4.2,16.6,10.4,37.0,2.7,0.5,22.4,17.8,-0.3,2.7,2.3,0.061,-1.3,1.6,0.3,1.1,2017
Rakeem Christmas,1626176,PF,25,IND,29,219,10.4,0.529,0.0,0.674,13.5,15.2,14.4,2.5,0.7,2.4,12.5,13.1,0.3,0.2,0.5,0.099,-3.0,-1.2,-4.3,-0.1,2017
Ramon Sessions,201196,PG,30,CHO,50,811,12.3,0.495,0.236,0.449,1.5,8.5,4.9,24.2,1.6,0.3,12.7,20.1,0.3,0.6,0.9,0.054,-2.4,-2.3,-4.8,-0.6,2017
Randy Foye,200751,SG,33,BRK,69,1284,7.3,0.506,0.625,0.194,0.8,11.9,6.4,15.2,1.3,0.5,18.5,14.4,-0.6,0.7,0.2,0.006,-3.0,-1.0,-3.9,-0.6,2017
Rashad Vaughn,1626173,SG,20,MIL,41,458,7.8,0.449,0.519,0.032,1.0,11.3,6.2,7.4,2.1,1.9,8.1,17.2,-0.5,0.4,0.0,-0.005,-3.7,-1.2,-4.9,-0.3,2017
Raul Neto,203526,PG,24,UTA,40,346,10.7,0.527,0.341,0.099,1.4,8.4,5.0,15.1,3.2,1.2,13.6,14.8,0.2,0.6,0.7,0.1,-1.7,1.4,-0.3,0.1,2017
Raymond Felton,101109,PG,32,LAC,80,1700,10.9,0.496,0.28,0.125,2.2,11.8,7.1,16.3,2.0,1.1,13.3,16.5,0.2,1.8,2.0,0.055,-1.8,0.9,-0.9,0.5,2017
Reggie Bullock,203493,SF,25,DET,31,467,11.7,0.538,0.57,0.055,2.9,12.4,7.5,8.8,1.9,0.5,7.1,13.4,0.4,0.5,1.0,0.101,-0.4,0.5,0.1,0.2,2017
Reggie Jackson,202704,PG,26,DET,52,1424,14.9,0.51,0.272,0.201,1.6,7.3,4.3,30.3,1.2,0.3,13.4,26.4,0.8,1.2,1.9,0.065,0.6,-2.1,-1.4,0.2,2017
Reggie Williams,202130,SF,30,NOP,6,79,11.7,0.518,0.478,0.304,2.7,5.4,4.0,7.2,1.9,0.0,0.0,14.6,0.1,0.1,0.2,0.098,-0.8,-1.6,-2.4,0.0,2017
Richard Jefferson,2210,SF,36,CLE,79,1614,8.2,0.574,0.542,0.315,2.0,11.5,6.9,6.6,0.8,0.5,11.8,12.2,1.3,0.8,2.1,0.063,-1.3,-1.0,-2.4,-0.1,2017
Richaun Holmes,1626158,C,23,PHI,57,1193,18.6,0.611,0.187,0.25,8.7,20.1,14.4,8.3,1.7,3.7,10.7,18.6,2.2,1.6,3.7,0.151,0.2,1.5,1.7,1.1,2017
Ricky Rubio,201937,PG,26,MIN,75,2469,16.8,0.539,0.302,0.438,3.2,11.4,7.2,38.9,2.6,0.3,20.1,17.4,4.5,1.7,6.1,0.119,1.7,-1.0,0.8,1.7,2017
Robert Covington,203496,SF,26,PHI,67,2119,13.2,0.534,0.563,0.238,4.8,17.9,11.3,7.5,2.9,2.6,13.9,19.2,0.0,3.2,3.1,0.071,-0.7,2.0,1.4,1.8,2017
Robin Lopez,201577,C,28,CHI,81,2271,14.4,0.511,0.003,0.134,11.4,13.2,12.3,5.6,0.4,4.1,9.9,17.5,1.8,2.4,4.3,0.09,-1.9,1.0,-0.9,0.6,2017
Rodney Hood,203918,SG,24,UTA,59,1593,12.4,0.522,0.461,0.173,1.2,13.1,7.3,10.1,1.3,0.6,8.3,22.9,0.7,1.9,2.6,0.078,-0.3,-0.9,-1.2,0.3,2017
Rodney McGruder,203585,SG,25,MIA,78,1966,9.1,0.506,0.478,0.154,5.3,9.2,7.2,8.8,1.2,0.7,10.2,12.3,1.2,1.7,2.9,0.072,-0.8,0.5,-0.4,0.8,2017
Rodney Stuckey,201155,PG,30,IND,39,696,9.5,0.483,0.246,0.439,1.0,12.4,6.8,17.7,1.2,0.0,15.4,22.2,-0.5,0.4,-0.1,-0.006,-3.8,-2.2,-6.0,-0.7,2017
Ron Baker,1627758,SG,23,NYK,52,857,7.5,0.456,0.396,0.198,1.5,10.8,6.2,17.3,2.0,0.8,19.2,14.8,-0.6,0.5,-0.1,-0.008,-3.5,-0.9,-4.4,-0.5,2017
Rondae Hollis-Jefferson,1626178,SF,22,BRK,78,1761,13.7,0.517,0.124,0.467,5.8,21.1,13.6,13.4,2.2,1.9,15.1,18.7,0.4,2.2,2.6,0.07,-2.9,1.9,-1.0,0.4,2017
Ronnie Price,101179,PG,33,PHO,14,134,5.9,0.272,0.708,0.167,2.4,6.7,4.5,16.9,3.9,0.6,10.4,9.0,-0.1,0.1,0.0,0.002,-3.2,0.8,-2.4,0.0,2017
Roy Hibbert,201579,C,30,TOT,48,682,13.6,0.614,0.0,0.51,8.7,16.2,12.4,4.6,0.6,5.9,15.1,14.0,1.0,0.8,1.8,0.13,-2.9,1.9,-1.1,0.2,2017
Rudy Gay,200752,SF,30,SAC,30,1013,17.9,0.559,0.256,0.312,4.0,17.5,10.8,13.9,2.2,2.3,12.8,25.8,0.8,1.0,1.8,0.086,0.3,0.4,0.7,0.7,2017
Rudy Gobert,203497,C,24,UTA,81,2744,23.3,0.682,0.002,0.763,13.6,29.5,21.8,5.7,0.9,6.4,15.1,16.7,8.3,6.0,14.3,0.25,1.4,4.5,5.8,5.4,2017
Russell Westbrook,201566,PG,28,OKC,81,2802,30.6,0.554,0.3,0.433,5.4,28.8,17.1,57.3,2.3,0.9,15.9,41.7,8.5,4.6,13.1,0.224,10.9,4.7,15.6,12.4,2017
Ryan Anderson,201583,PF,28,HOU,72,2116,13.5,0.583,0.655,0.194,5.8,11.2,8.5,4.7,0.7,0.5,6.2,17.9,4.0,1.1,5.2,0.118,1.8,-2.6,-0.8,0.6,2017
Ryan Kelly,203527,PF,25,ATL,16,110,7.8,0.408,0.357,0.214,1.0,16.7,9.0,10.2,1.8,3.9,11.5,13.7,-0.1,0.2,0.1,0.029,-6.2,2.3,-3.9,-0.1,2017
Salah Mejri,1626257,C,30,DAL,73,905,14.8,0.65,0.022,0.445,11.9,28.4,19.8,2.4,1.8,6.1,19.6,10.6,1.3,1.7,3.0,0.159,-3.6,3.8,0.2,0.5,2017
Sam Dekker,1626155,SF,22,HOU,77,1419,13.0,0.549,0.436,0.159,7.2,14.6,10.9,7.7,1.3,1.2,8.2,14.9,1.9,1.2,3.1,0.105,-0.4,-0.6,-1.1,0.3,2017
Sasha Vujacic,2756,SG,32,NYK,42,408,8.6,0.423,0.544,0.176,3.2,12.4,7.8,17.9,1.6,0.4,9.8,17.3,-0.1,0.2,0.1,0.014,-2.1,-2.2,-4.3,-0.2,2017
Sean Kilpatrick,203930,SG,27,BRK,70,1754,13.1,0.546,0.419,0.329,1.3,15.4,8.4,14.6,1.2,0.3,13.9,23.9,0.3,1.1,1.4,0.039,-1.2,-1.8,-3.0,-0.4,2017
Semaj Christon,203902,PG,24,OKC,64,973,5.7,0.387,0.283,0.139,2.2,7.9,5.0,18.1,1.4,0.5,15.4,12.2,-0.7,0.8,0.1,0.006,-5.0,-1.3,-6.3,-1.1,2017
Serge Ibaka,201586,PF,27,TOT,79,2422,16.4,0.566,0.323,0.127,5.7,19.0,12.2,5.2,0.8,4.2,9.2,20.9,2.5,2.6,5.1,0.101,-0.5,0.1,-0.4,1.0,2017
Sergio Rodriguez,200771,PG,30,PHI,68,1518,11.0,0.484,0.47,0.05,1.5,9.9,5.7,35.4,1.5,0.2,18.9,19.3,-0.3,1.0,0.7,0.022,-1.6,-2.4,-4.0,-0.7,2017
Seth Curry,203552,PG,26,DAL,70,2029,15.5,0.601,0.458,0.142,1.4,9.2,5.1,15.9,2.0,0.3,11.0,19.5,2.9,1.7,4.6,0.109,1.8,-0.4,1.4,1.7,2017
Shabazz Muhammad,203498,SF,24,MIN,78,1516,14.9,0.566,0.244,0.318,6.4,10.6,8.5,3.7,0.7,0.3,7.6,21.5,2.5,0.2,2.7,0.086,-0.2,-4.3,-4.4,-0.9,2017
Shabazz Napier,203894,PG,25,POR,53,512,13.6,0.533,0.503,0.268,1.7,11.5,6.6,19.5,3.1,0.3,16.7,21.2,0.1,0.5,0.6,0.06,-0.9,-1.3,-2.2,0.0,2017
Shaun Livingston,2733,PG,31,GSW,76,1345,10.1,0.568,0.009,0.19,2.4,9.4,6.2,13.5,1.4,1.2,15.1,12.9,1.1,1.6,2.6,0.094,-2.5,0.5,-2.0,0.0,2017
Shawn Long,1627848,C,24,PHI,18,234,24.1,0.595,0.174,0.321,19.3,20.8,20.0,10.7,1.9,3.1,9.5,25.4,0.6,0.3,0.9,0.195,3.4,0.0,3.4,0.3,2017
Sheldon Mac,1627815,SG,24,WAS,30,287,10.1,0.518,0.4,0.36,1.6,11.7,6.7,7.0,1.4,0.6,5.4,14.0,0.3,0.2,0.5,0.076,-2.1,-1.5,-3.6,-0.1,2017
Shelvin Mack,202714,PG,26,UTA,55,1205,10.9,0.518,0.315,0.202,2.0,10.1,6.1,20.4,1.8,0.2,17.8,19.6,-0.1,1.5,1.4,0.054,-1.7,-0.1,-1.8,0.1,2017
Skal Labissiere,1627746,PF,20,SAC,33,612,16.8,0.577,0.037,0.339,9.7,20.7,15.3,7.5,1.3,1.9,12.9,21.3,0.7,0.5,1.3,0.099,-1.7,-0.9,-2.6,-0.1,2017
Solomon Hill,203524,SF,25,NOP,80,2374,8.0,0.528,0.566,0.268,2.3,11.4,6.8,8.1,1.5,1.1,13.3,11.5,0.4,2.3,2.7,0.055,-1.8,1.5,-0.3,1.0,2017
Spencer Dinwiddie,203915,PG,23,BRK,59,1334,12.7,0.581,0.334,0.526,2.2,10.7,6.5,20.3,1.6,1.3,15.1,14.1,1.9,0.9,2.8,0.101,-0.7,-0.2,-0.9,0.4,2017
Spencer Hawes,201150,PF,28,TOT,54,797,15.6,0.562,0.292,0.188,5.3,21.5,13.4,16.5,0.9,3.3,14.0,19.8,0.7,1.0,1.7,0.102,-1.2,0.8,-0.5,0.3,2017
Stanley Johnson,1626169,SF,20,DET,77,1371,7.2,0.436,0.422,0.145,2.8,12.7,7.5,10.5,2.1,1.5,15.5,14.8,-1.4,1.8,0.4,0.012,-3.8,1.8,-2.0,0.0,2017
Stephen Curry,201939,PG,28,GSW,79,2638,24.6,0.624,0.547,0.251,2.7,11.4,7.3,31.1,2.6,0.5,13.0,30.1,8.6,3.9,12.6,0.229,7.7,-0.4,7.3,6.2,2017
Stephen Zimmerman,1627757,C,20,ORL,19,108,7.3,0.346,0.0,0.161,10.8,24.9,17.6,5.3,0.9,3.7,8.3,14.8,-0.1,0.1,0.0,-0.005,-7.8,0.4,-7.3,-0.1,2017
Steve Novak,200779,PF,33,MIL,8,22,1.3,0.357,0.857,0.0,0.0,15.7,7.9,0.0,0.0,0.0,0.0,14.5,0.0,0.0,0.0,-0.075,-6.9,-6.7,-13.6,-0.1,2017
Steven Adams,203500,C,23,OKC,80,2389,16.5,0.589,0.002,0.392,13.0,15.5,14.2,5.4,1.8,2.6,16.0,16.2,3.3,3.1,6.4,0.13,-0.7,1.2,0.5,1.5,2017
T.J. McConnell,204456,PG,24,PHI,81,2133,13.7,0.504,0.107,0.176,2.0,11.0,6.5,37.5,3.1,0.4,22.4,14.4,1.4,2.4,3.8,0.084,-2.0,0.1,-1.9,0.0,2017
T.J. Warren,203933,SF,23,PHO,66,2048,15.6,0.539,0.12,0.189,6.5,11.7,9.0,5.8,1.8,1.5,6.1,19.2,3.0,1.1,4.1,0.096,0.2,-0.5,-0.3,0.9,2017
Taj Gibson,201959,PF,31,TOT,78,1989,15.1,0.543,0.018,0.223,8.6,18.0,13.2,5.9,1.1,2.6,11.9,19.3,1.6,2.5,4.0,0.098,-2.4,0.3,-2.1,0.0,2017
Tarik Black,204028,C,25,LAL,67,1091,15.0,0.56,0.007,0.371,13.8,20.7,17.1,5.3,1.3,3.3,14.5,15.7,1.5,0.9,2.4,0.105,-1.8,0.2,-1.6,0.1,2017
Taurean Prince,1627752,SF,22,ATL,59,981,9.8,0.513,0.358,0.33,2.8,14.6,8.8,8.4,2.2,2.4,15.7,17.2,-0.4,1.5,1.1,0.054,-3.8,1.5,-2.3,-0.1,2017
Terrence Jones,203093,PF,25,TOT,54,1270,16.1,0.516,0.153,0.346,5.4,20.2,12.7,7.3,1.5,3.5,7.8,21.4,0.4,1.9,2.3,0.087,-2.7,1.3,-1.4,0.2,2017
Terrence Ross,203082,SF,25,TOT,78,1955,13.4,0.55,0.524,0.103,1.0,10.9,5.9,7.1,2.3,1.4,8.0,19.3,1.5,2.0,3.5,0.086,0.4,-0.6,-0.2,0.9,2017
Terry Rozier,1626179,PG,22,BOS,74,1263,10.8,0.466,0.436,0.161,3.6,16.3,10.0,15.2,1.8,0.7,9.7,17.1,0.0,1.4,1.4,0.053,-2.5,0.0,-2.5,-0.2,2017
Thabo Sefolosha,200757,SF,32,ATL,62,1596,11.9,0.519,0.304,0.19,3.8,14.7,9.3,9.9,3.0,1.7,11.9,13.3,0.6,2.7,3.3,0.098,-1.9,3.1,1.2,1.3,2017
Thaddeus Young,201152,PF,28,IND,74,2237,14.9,0.562,0.172,0.125,6.7,15.8,11.3,8.4,2.6,1.2,11.7,16.5,1.9,2.7,4.6,0.099,0.0,1.5,1.5,2.0,2017
Thomas Robinson,203080,PF,25,LAL,48,560,17.3,0.535,0.005,0.337,15.8,28.1,21.8,8.8,2.3,1.3,17.0,20.7,0.3,0.6,0.9,0.079,-2.2,-0.1,-2.3,0.0,2017
Thon Maker,1627748,C,19,MIL,57,562,14.0,0.558,0.409,0.271,8.4,15.2,11.8,6.2,0.9,4.1,7.7,17.8,0.8,0.5,1.3,0.113,-0.5,-1.0,-1.5,0.1,2017
Tiago Splitter,201168,C,32,PHI,8,76,15.0,0.544,0.194,0.355,11.6,20.3,15.9,8.9,0.6,1.0,14.3,23.9,0.1,0.1,0.1,0.072,-2.6,-2.4,-5.0,-0.1,2017
Tim Frazier,204025,PG,26,NOP,65,1525,12.4,0.504,0.317,0.319,2.3,9.7,6.0,31.4,1.8,0.3,18.0,16.3,1.0,1.4,2.4,0.075,-1.5,-0.7,-2.2,-0.1,2017
Tim Hardaway Jr.,203501,SG,24,ATL,79,2154,15.2,0.568,0.457,0.235,1.8,9.5,5.7,14.3,1.3,0.6,9.5,22.5,2.7,2.1,4.8,0.107,1.3,-1.5,-0.3,0.9,2017
Tim Quarterman,1627817,SG,22,POR,16,80,10.2,0.511,0.448,0.103,5.5,13.9,9.7,21.1,1.2,3.0,26.6,22.8,-0.1,0.1,-0.1,-0.044,-4.0,-0.8,-4.8,-0.1,2017
Timofey Mozgov,202389,C,30,LAL,54,1104,12.3,0.553,0.003,0.238,9.9,16.4,13.1,5.9,0.7,2.3,16.6,16.8,0.7,0.4,1.1,0.048,-2.8,-0.8,-3.6,-0.4,2017
Timothe Luwawu-Cabarrot,1627789,SF,21,PHI,69,1190,8.5,0.536,0.446,0.341,2.3,11.5,6.9,9.6,1.3,0.7,15.0,17.8,0.0,0.8,0.8,0.034,-2.8,-1.2,-4.0,-0.6,2017
Tobias Harris,202699,PF,24,DET,82,2567,16.9,0.568,0.295,0.213,2.6,15.6,8.8,8.8,1.2,1.3,7.6,21.7,4.0,2.8,6.9,0.129,1.1,0.1,1.2,2.1,2017
Tomas Satoransky,203107,SG,25,WAS,57,719,8.5,0.48,0.253,0.226,3.9,9.1,6.5,16.7,1.8,0.7,19.1,12.1,0.1,0.5,0.6,0.041,-2.9,-0.2,-3.1,-0.2,2017
Toney Douglas,201962,PG,30,MEM,24,394,10.6,0.451,0.359,0.248,3.7,14.3,8.9,22.2,2.4,1.2,13.9,17.4,0.0,0.5,0.5,0.06,-2.2,1.0,-1.2,0.1,2017
Tony Allen,2754,SG,35,MEM,71,1914,13.3,0.493,0.091,0.218,9.6,13.8,11.7,8.4,3.1,1.4,13.3,17.9,0.2,2.9,3.1,0.077,-1.8,2.4,0.7,1.3,2017
Tony Parker,2225,PG,34,SAS,63,1587,13.0,0.514,0.121,0.206,0.7,7.3,4.0,27.8,1.1,0.1,12.5,20.2,1.4,1.7,3.0,0.091,-1.2,-1.7,-3.0,-0.4,2017
Tony Snell,203503,SG,25,MIL,80,2336,9.7,0.603,0.656,0.107,1.1,11.1,6.2,5.9,1.2,0.5,8.8,12.1,2.1,1.3,3.4,0.071,0.2,-1.1,-0.8,0.7,2017
Treveon Graham,1626203,SG,23,CHO,27,189,10.6,0.612,0.375,0.375,2.9,10.0,6.4,4.7,1.6,0.5,6.0,11.8,0.3,0.2,0.4,0.108,-1.5,-1.3,-2.8,0.0,2017
Trevor Ariza,2772,SF,31,HOU,80,2773,12.3,0.548,0.695,0.158,2.1,15.9,9.0,8.8,2.5,0.6,8.0,14.1,2.8,3.2,6.0,0.104,0.7,1.0,1.7,2.6,2017
Trevor Booker,202344,PF,29,BRK,71,1754,15.7,0.554,0.132,0.186,8.7,25.5,17.2,12.9,2.1,1.2,16.6,18.7,0.9,2.2,3.1,0.086,-1.6,1.8,0.2,1.0,2017
Trey Burke,203504,PG,24,WAS,57,703,10.8,0.532,0.275,0.114,1.1,6.4,3.8,20.7,0.8,0.6,15.2,19.6,0.3,0.3,0.5,0.036,-2.3,-3.4,-5.7,-0.7,2017
Trey Lyles,1626168,PF,21,UTA,71,1158,10.0,0.464,0.465,0.18,4.9,18.1,11.7,9.6,1.2,1.4,11.9,21.7,-0.9,1.6,0.8,0.032,-2.9,-0.1,-3.0,-0.3,2017
Tristan Thompson,202684,C,25,CLE,78,2336,15.3,0.594,0.007,0.487,14.0,19.6,16.9,4.6,0.8,2.9,10.8,11.3,5.0,2.3,7.3,0.15,0.0,1.5,1.5,2.1,2017
Troy Daniels,203584,SG,25,MEM,67,1183,10.4,0.531,0.717,0.109,2.0,7.9,4.8,6.6,0.9,0.3,8.0,21.7,0.5,0.8,1.3,0.051,0.3,-3.4,-3.1,-0.3,2017
Troy Williams,1627786,SF,22,TOT,30,557,8.9,0.511,0.371,0.192,3.0,11.2,7.0,7.0,2.5,1.7,15.4,17.2,-0.4,0.7,0.3,0.03,-3.4,0.7,-2.7,-0.1,2017
Ty Lawson,201951,PG,29,SAC,69,1732,15.4,0.551,0.226,0.416,3.0,8.9,6.0,30.0,2.2,0.3,17.3,19.5,2.2,1.0,3.2,0.088,0.2,-1.5,-1.3,0.3,2017
Tyler Ennis,203898,PG,22,TOT,53,588,11.0,0.521,0.337,0.12,1.8,6.8,4.3,21.7,2.1,0.3,17.0,19.1,0.1,0.3,0.4,0.033,-2.1,-2.7,-4.7,-0.4,2017
Tyler Johnson,204020,PG,24,MIA,73,2178,15.9,0.535,0.303,0.308,2.5,12.5,7.4,16.6,1.9,1.6,8.8,20.9,3.1,2.7,5.8,0.128,0.7,0.7,1.5,1.9,2017
Tyler Ulis,1627755,PG,21,PHO,61,1123,13.0,0.474,0.181,0.162,1.9,7.5,4.6,30.5,2.0,0.4,14.1,20.3,0.3,0.4,0.7,0.029,-1.4,-2.5,-4.0,-0.6,2017
Tyler Zeller,203092,C,27,BOS,51,525,13.0,0.508,0.006,0.247,9.2,17.0,13.2,12.2,0.7,3.3,10.2,16.5,0.5,0.6,1.0,0.094,-3.2,0.8,-2.5,-0.1,2017
Tyreke Evans,201936,SF,27,TOT,40,788,15.5,0.501,0.319,0.249,1.8,17.1,9.5,25.9,2.2,1.0,12.9,26.7,-0.2,0.9,0.7,0.045,-0.7,-0.1,-0.9,0.2,2017
Tyson Chandler,2199,C,34,PHO,47,1298,16.6,0.703,0.0,0.544,12.6,33.1,22.6,3.3,1.2,1.5,19.2,11.3,2.7,1.3,4.0,0.149,-0.7,0.3,-0.4,0.5,2017
Tyus Jones,1626145,PG,20,MIN,60,774,13.8,0.523,0.403,0.238,1.5,8.7,5.0,28.0,3.1,0.6,16.0,13.6,1.0,0.6,1.5,0.095,-0.4,-1.5,-1.9,0.0,2017
Udonis Haslem,2617,C,36,MIA,17,130,8.4,0.524,0.13,0.652,6.7,24.1,15.3,6.4,1.9,0.6,21.3,12.8,0.0,0.2,0.2,0.069,-4.9,1.1,-3.7,-0.1,2017
Victor Oladipo,203506,SG,24,OKC,67,2222,13.6,0.534,0.378,0.165,1.9,12.6,7.2,12.5,1.7,0.8,10.6,21.4,1.7,2.3,4.0,0.085,-0.4,-0.9,-1.3,0.4,2017
Vince Carter,1713,SF,40,MEM,73,1799,11.7,0.542,0.604,0.235,2.2,12.5,7.2,11.5,1.7,1.9,8.5,14.9,1.9,2.1,4.0,0.106,0.1,0.9,1.0,1.4,2017
Wade Baldwin IV,1627735,PG,20,MEM,33,405,6.4,0.404,0.191,0.322,3.0,10.2,6.5,22.8,2.3,1.7,23.4,19.2,-0.9,0.5,-0.4,-0.045,-6.3,0.6,-5.8,-0.4,2017
Wayne Ellington,201961,SG,29,MIA,62,1500,12.6,0.565,0.71,0.077,1.3,8.6,4.9,7.1,1.2,0.2,5.0,17.9,2.1,1.2,3.3,0.105,1.8,-1.9,-0.2,0.7,2017
Wayne Selden,1627782,SG,22,TOT,14,236,6.9,0.525,0.483,0.379,0.5,7.2,3.8,8.5,1.3,0.4,15.1,15.3,-0.1,0.2,0.1,0.017,-3.4,-1.6,-5.0,-0.2,2017
Wesley Johnson,202325,SF,29,LAC,68,810,8.4,0.448,0.59,0.085,3.7,20.8,12.5,3.9,1.8,3.0,8.0,12.5,-0.3,1.2,0.9,0.051,-3.4,1.6,-1.8,0.0,2017
Wesley Matthews,202083,SG,30,DAL,73,2495,11.9,0.533,0.566,0.211,0.8,11.8,6.0,13.6,1.6,0.6,9.9,19.4,1.0,2.1,3.1,0.06,0.2,-0.1,0.1,1.3,2017
Will Barton,203115,SG,26,DEN,60,1705,15.5,0.547,0.353,0.285,3.8,12.8,8.4,17.7,1.4,1.3,11.5,21.1,2.5,0.8,3.3,0.093,1.3,-1.0,0.3,1.0,2017
Willie Cauley-Stein,1626161,C,23,SAC,75,1421,16.4,0.558,0.004,0.314,7.0,20.5,13.8,9.4,1.9,2.9,11.2,19.6,1.4,1.5,3.0,0.1,-2.0,0.9,-1.1,0.3,2017
Willie Reed,203186,C,26,MIA,71,1031,17.1,0.578,0.014,0.309,13.7,22.0,17.8,3.9,0.9,3.6,8.7,15.3,2.1,1.5,3.6,0.168,-1.3,0.7,-0.6,0.4,2017
Willy Hernangomez,1626195,C,22,NYK,72,1324,18.9,0.564,0.032,0.269,13.8,27.1,20.4,11.5,1.5,2.2,16.1,20.3,1.8,1.6,3.4,0.123,-0.6,0.6,0.0,0.7,2017
Wilson Chandler,201163,SF,29,DEN,71,2197,14.9,0.545,0.347,0.207,5.2,17.7,11.5,9.8,1.2,1.1,10.0,22.0,2.4,1.1,3.6,0.078,0.5,-1.3,-0.8,0.7,2017
Yogi Ferrell,1627812,PG,23,TOT,46,1197,13.1,0.533,0.447,0.226,1.8,9.2,5.3,23.2,1.8,0.7,13.9,19.6,0.8,1.0,1.8,0.072,-0.1,-0.7,-0.7,0.4,2017
Zach LaVine,203897,SG,21,MIN,47,1749,14.6,0.576,0.437,0.197,1.2,9.5,5.3,12.6,1.2,0.5,9.9,21.7,2.5,0.4,3.0,0.082,2.1,-2.4,-0.3,0.8,2017
Zach Randolph,2216,PF,35,MEM,73,1786,18.5,0.49,0.098,0.2,11.3,27.4,19.1,13.5,1.1,0.5,8.6,29.2,0.8,2.4,3.2,0.086,-1.4,-0.7,-2.1,0.0,2017
Zaza Pachulia,2585,C,32,GSW,70,1268,16.1,0.588,0.007,0.41,12.9,22.0,17.7,13.6,2.2,2.0,19.5,15.3,2.2,2.5,4.7,0.177,-0.3,3.0,2.7,1.5,2017
